[0m15:11:52.667932 [debug] [MainThread]: Sending event: {'category': 'dbt', 'action': 'invocation', 'label': 'start', 'context': [<snowplow_tracker.self_describing_json.SelfDescribingJson object at 0x00000168A5686510>, <snowplow_tracker.self_describing_json.SelfDescribingJson object at 0x00000168A7C8FED0>, <snowplow_tracker.self_describing_json.SelfDescribingJson object at 0x00000168A7C8FB10>]}


============================== 15:11:52.674679 | 09735431-d962-4625-8b85-f6f3c47c586a ==============================
[0m15:11:52.674679 [info ] [MainThread]: Running with dbt=1.12.0
[0m15:11:52.675565 [debug] [MainThread]: running dbt with arguments {'version_check': 'True', 'no_print': 'None', 'static_parser': 'True', 'warn_error_options': 'WarnErrorOptionsV2(error=[], warn=[], silence=[])', 'maximum_seed_size_mib': '1', 'target_path': 'None', 'printer_width': '80', 'write_json': 'True', 'introspect': 'True', 'log_cache_events': 'False', 'empty': 'False', 'cache_selected_only': 'False', 'fail_fast': 'False', 'debug': 'False', 'log_format': 'default', 'profiles_dir': 'C:\\Users\\ykw8828\\.dbt', 'send_anonymous_usage_stats': 'True', 'quiet': 'False', 'warn_error': 'None', 'partial_parse': 'True', 'invocation_command': 'dbt compile', 'hints_enabled': 'True', 'indirect_selection': 'eager', 'use_experimental_parser': 'False', 'use_colors': 'True', 'log_path': 'logs'}
[0m15:11:52.676390 [error] [MainThread]: [[31mERROR[0m]: Encountered an error:
Runtime Error
  No dbt_project.yml found at expected path C:\analytics_engineering_dbt\orcid_role_identifier\dbt_project.yml
  Verify that each entry within packages.yml (and their transitive dependencies) contains a file named dbt_project.yml
  
[0m15:11:52.677634 [debug] [MainThread]: Command `dbt compile` failed at 15:11:52.677457 after 0.33 seconds
[0m15:11:52.678144 [debug] [MainThread]: Sending event: {'category': 'dbt', 'action': 'invocation', 'label': 'end', 'context': [<snowplow_tracker.self_describing_json.SelfDescribingJson object at 0x00000168A7C72B10>, <snowplow_tracker.self_describing_json.SelfDescribingJson object at 0x00000168A7CA3E30>, <snowplow_tracker.self_describing_json.SelfDescribingJson object at 0x00000168A7C13680>]}
[0m15:11:52.678667 [debug] [MainThread]: Flushing usage events
[0m15:11:53.684636 [debug] [MainThread]: An error was encountered while trying to flush usage events
[0m15:18:11.595142 [debug] [MainThread]: Sending event: {'category': 'dbt', 'action': 'invocation', 'label': 'start', 'context': [<snowplow_tracker.self_describing_json.SelfDescribingJson object at 0x000002003FD8E510>, <snowplow_tracker.self_describing_json.SelfDescribingJson object at 0x000002003BA851D0>, <snowplow_tracker.self_describing_json.SelfDescribingJson object at 0x000002004230FB10>]}


============================== 15:18:11.602794 | ba779912-fea1-48b1-9925-ec87cb77a59f ==============================
[0m15:18:11.602794 [info ] [MainThread]: Running with dbt=1.12.0
[0m15:18:11.603771 [debug] [MainThread]: running dbt with arguments {'static_parser': 'True', 'no_print': 'None', 'maximum_seed_size_mib': '1', 'target_path': 'None', 'warn_error_options': 'WarnErrorOptionsV2(error=[], warn=[], silence=[])', 'version_check': 'True', 'printer_width': '80', 'write_json': 'True', 'empty': 'None', 'log_cache_events': 'False', 'introspect': 'True', 'cache_selected_only': 'False', 'log_format': 'default', 'debug': 'False', 'fail_fast': 'False', 'partial_parse': 'True', 'send_anonymous_usage_stats': 'True', 'quiet': 'False', 'warn_error': 'None', 'profiles_dir': 'C:\\analytics_engineering_dbt\\orcid_role_identifier', 'use_colors': 'True', 'hints_enabled': 'True', 'indirect_selection': 'eager', 'use_experimental_parser': 'False', 'invocation_command': 'dbt deps', 'log_path': 'logs'}
[0m15:18:11.604562 [error] [MainThread]: [[31mERROR[0m]: Encountered an error:
Runtime Error
  No dbt_project.yml found at expected path C:\analytics_engineering_dbt\orcid_role_identifier\dbt_project.yml
  Verify that each entry within packages.yml (and their transitive dependencies) contains a file named dbt_project.yml
  
[0m15:18:11.605699 [debug] [MainThread]: Command `dbt deps` failed at 15:18:11.605519 after 0.32 seconds
[0m15:18:11.606110 [debug] [MainThread]: Sending event: {'category': 'dbt', 'action': 'invocation', 'label': 'end', 'context': [<snowplow_tracker.self_describing_json.SelfDescribingJson object at 0x0000020042359E00>, <snowplow_tracker.self_describing_json.SelfDescribingJson object at 0x00000200423D8290>, <snowplow_tracker.self_describing_json.SelfDescribingJson object at 0x00000200423618C0>]}
[0m15:18:11.606472 [debug] [MainThread]: Flushing usage events
[0m15:18:12.756565 [debug] [MainThread]: An error was encountered while trying to flush usage events
[0m15:20:05.985272 [debug] [MainThread]: Sending event: {'category': 'dbt', 'action': 'invocation', 'label': 'start', 'context': [<snowplow_tracker.self_describing_json.SelfDescribingJson object at 0x000001FD9070E510>, <snowplow_tracker.self_describing_json.SelfDescribingJson object at 0x000001FD8C4651D0>, <snowplow_tracker.self_describing_json.SelfDescribingJson object at 0x000001FD92C9FB10>]}


============================== 15:20:05.989806 | 71b8aa8a-610e-49a3-a325-49c152895172 ==============================
[0m15:20:05.989806 [info ] [MainThread]: Running with dbt=1.12.0
[0m15:20:05.990772 [debug] [MainThread]: running dbt with arguments {'maximum_seed_size_mib': '1', 'no_print': 'None', 'version_check': 'True', 'target_path': 'None', 'warn_error_options': 'WarnErrorOptionsV2(error=[], warn=[], silence=[])', 'static_parser': 'True', 'printer_width': '80', 'write_json': 'True', 'empty': 'None', 'log_cache_events': 'False', 'introspect': 'True', 'cache_selected_only': 'False', 'log_format': 'default', 'debug': 'False', 'fail_fast': 'False', 'partial_parse': 'True', 'send_anonymous_usage_stats': 'True', 'quiet': 'False', 'warn_error': 'None', 'profiles_dir': 'C:\\analytics_engineering_dbt\\orcid_role_identifier', 'invocation_command': 'dbt deps', 'hints_enabled': 'True', 'indirect_selection': 'eager', 'use_experimental_parser': 'False', 'use_colors': 'True', 'log_path': 'C:\\analytics_engineering_dbt\\orcid_role_identifier\\logs'}
[0m15:20:06.252592 [debug] [MainThread]: Sending event: {'category': 'dbt', 'action': 'project_id', 'label': '71b8aa8a-610e-49a3-a325-49c152895172', 'context': [<snowplow_tracker.self_describing_json.SelfDescribingJson object at 0x000001FD90C6CC30>]}
[0m15:20:06.292312 [debug] [MainThread]: Set downloads directory='C:\Users\ykw8828\AppData\Local\Temp\dbt-downloads-tqmpk_d0'
[0m15:20:06.292955 [debug] [MainThread]: Making package index registry request: GET https://hub.getdbt.com/api/v1/index.json
[0m15:20:06.993152 [debug] [MainThread]: External call exception: HTTPSConnectionPool(host='hub.getdbt.com', port=443): Max retries exceeded with url: /api/v1/index.json (Caused by SSLError(SSLCertVerificationError(1, '[SSL: CERTIFICATE_VERIFY_FAILED] certificate verify failed: unable to get local issuer certificate (_ssl.c:1028)')))
[0m15:20:06.993751 [debug] [MainThread]: Retrying external call. Attempt: 0 Max attempts: 5
[0m15:20:07.994501 [debug] [MainThread]: Making package index registry request: GET https://hub.getdbt.com/api/v1/index.json
[0m15:20:08.655811 [debug] [MainThread]: External call exception: HTTPSConnectionPool(host='hub.getdbt.com', port=443): Max retries exceeded with url: /api/v1/index.json (Caused by SSLError(SSLCertVerificationError(1, '[SSL: CERTIFICATE_VERIFY_FAILED] certificate verify failed: unable to get local issuer certificate (_ssl.c:1028)')))
[0m15:20:08.657186 [debug] [MainThread]: Retrying external call. Attempt: 1 Max attempts: 5
[0m15:20:09.658827 [debug] [MainThread]: Making package index registry request: GET https://hub.getdbt.com/api/v1/index.json
[0m15:20:10.325064 [debug] [MainThread]: External call exception: HTTPSConnectionPool(host='hub.getdbt.com', port=443): Max retries exceeded with url: /api/v1/index.json (Caused by SSLError(SSLCertVerificationError(1, '[SSL: CERTIFICATE_VERIFY_FAILED] certificate verify failed: unable to get local issuer certificate (_ssl.c:1028)')))
[0m15:20:10.325727 [debug] [MainThread]: Retrying external call. Attempt: 2 Max attempts: 5
[0m15:20:11.326583 [debug] [MainThread]: Making package index registry request: GET https://hub.getdbt.com/api/v1/index.json
[0m15:20:12.349650 [debug] [MainThread]: External call exception: HTTPSConnectionPool(host='hub.getdbt.com', port=443): Max retries exceeded with url: /api/v1/index.json (Caused by SSLError(SSLCertVerificationError(1, '[SSL: CERTIFICATE_VERIFY_FAILED] certificate verify failed: unable to get local issuer certificate (_ssl.c:1028)')))
[0m15:20:12.350786 [debug] [MainThread]: Retrying external call. Attempt: 3 Max attempts: 5
[0m15:20:13.352273 [debug] [MainThread]: Making package index registry request: GET https://hub.getdbt.com/api/v1/index.json
[0m15:20:14.140809 [debug] [MainThread]: External call exception: HTTPSConnectionPool(host='hub.getdbt.com', port=443): Max retries exceeded with url: /api/v1/index.json (Caused by SSLError(SSLCertVerificationError(1, '[SSL: CERTIFICATE_VERIFY_FAILED] certificate verify failed: unable to get local issuer certificate (_ssl.c:1028)')))
[0m15:20:14.142160 [debug] [MainThread]: Retrying external call. Attempt: 4 Max attempts: 5
[0m15:20:15.143161 [debug] [MainThread]: Making package index registry request: GET https://hub.getdbt.com/api/v1/index.json
[0m15:20:15.831108 [error] [MainThread]: [[31mERROR[0m]: Encountered an error:
External connection exception occurred: HTTPSConnectionPool(host='hub.getdbt.com', port=443): Max retries exceeded with url: /api/v1/index.json (Caused by SSLError(SSLCertVerificationError(1, '[SSL: CERTIFICATE_VERIFY_FAILED] certificate verify failed: unable to get local issuer certificate (_ssl.c:1028)')))
[0m15:20:15.984514 [error] [MainThread]: Traceback (most recent call last):
  File "C:\ANALYTICS_ENGINEERING_DBT\dbt-env\Lib\site-packages\urllib3\connectionpool.py", line 464, in _make_request
    self._validate_conn(conn)
    ~~~~~~~~~~~~~~~~~~~^^^^^^
  File "C:\ANALYTICS_ENGINEERING_DBT\dbt-env\Lib\site-packages\urllib3\connectionpool.py", line 1106, in _validate_conn
    conn.connect()
    ~~~~~~~~~~~~^^
  File "C:\ANALYTICS_ENGINEERING_DBT\dbt-env\Lib\site-packages\urllib3\connection.py", line 796, in connect
    sock_and_verified = _ssl_wrap_socket_and_match_hostname(
        sock=sock,
    ...<14 lines>...
        assert_fingerprint=self.assert_fingerprint,
    )
  File "C:\ANALYTICS_ENGINEERING_DBT\dbt-env\Lib\site-packages\urllib3\connection.py", line 975, in _ssl_wrap_socket_and_match_hostname
    ssl_sock = ssl_wrap_socket(
        sock=sock,
    ...<8 lines>...
        tls_in_tls=tls_in_tls,
    )
  File "C:\ANALYTICS_ENGINEERING_DBT\dbt-env\Lib\site-packages\urllib3\util\ssl_.py", line 433, in ssl_wrap_socket
    ssl_sock = _ssl_wrap_socket_impl(sock, context, tls_in_tls, server_hostname)
  File "C:\ANALYTICS_ENGINEERING_DBT\dbt-env\Lib\site-packages\urllib3\util\ssl_.py", line 477, in _ssl_wrap_socket_impl
    return ssl_context.wrap_socket(sock, server_hostname=server_hostname)
           ~~~~~~~~~~~~~~~~~~~~~~~^^^^^^^^^^^^^^^^^^^^^^^^^^^^^^^^^^^^^^^
  File "C:\Users\ykw8828\AppData\Local\Programs\Python\Python313\Lib\ssl.py", line 455, in wrap_socket
    return self.sslsocket_class._create(
           ~~~~~~~~~~~~~~~~~~~~~~~~~~~~^
        sock=sock,
        ^^^^^^^^^^
    ...<5 lines>...
        session=session
        ^^^^^^^^^^^^^^^
    )
    ^
  File "C:\Users\ykw8828\AppData\Local\Programs\Python\Python313\Lib\ssl.py", line 1076, in _create
    self.do_handshake()
    ~~~~~~~~~~~~~~~~~^^
  File "C:\Users\ykw8828\AppData\Local\Programs\Python\Python313\Lib\ssl.py", line 1372, in do_handshake
    self._sslobj.do_handshake()
    ~~~~~~~~~~~~~~~~~~~~~~~~~^^
ssl.SSLCertVerificationError: [SSL: CERTIFICATE_VERIFY_FAILED] certificate verify failed: unable to get local issuer certificate (_ssl.c:1028)

During handling of the above exception, another exception occurred:

Traceback (most recent call last):
  File "C:\ANALYTICS_ENGINEERING_DBT\dbt-env\Lib\site-packages\urllib3\connectionpool.py", line 788, in urlopen
    response = self._make_request(
        conn,
    ...<10 lines>...
        **response_kw,
    )
  File "C:\ANALYTICS_ENGINEERING_DBT\dbt-env\Lib\site-packages\urllib3\connectionpool.py", line 488, in _make_request
    raise new_e
urllib3.exceptions.SSLError: [SSL: CERTIFICATE_VERIFY_FAILED] certificate verify failed: unable to get local issuer certificate (_ssl.c:1028)

The above exception was the direct cause of the following exception:

Traceback (most recent call last):
  File "C:\ANALYTICS_ENGINEERING_DBT\dbt-env\Lib\site-packages\requests\adapters.py", line 645, in send
    resp = conn.urlopen(
        method=request.method,
    ...<9 lines>...
        chunked=chunked,
    )
  File "C:\ANALYTICS_ENGINEERING_DBT\dbt-env\Lib\site-packages\urllib3\connectionpool.py", line 842, in urlopen
    retries = retries.increment(
        method, url, error=new_e, _pool=self, _stacktrace=sys.exc_info()[2]
    )
  File "C:\ANALYTICS_ENGINEERING_DBT\dbt-env\Lib\site-packages\urllib3\util\retry.py", line 543, in increment
    raise MaxRetryError(_pool, url, reason) from reason  # type: ignore[arg-type]
    ^^^^^^^^^^^^^^^^^^^^^^^^^^^^^^^^^^^^^^^^^^^^^^^^^^^
urllib3.exceptions.MaxRetryError: HTTPSConnectionPool(host='hub.getdbt.com', port=443): Max retries exceeded with url: /api/v1/index.json (Caused by SSLError(SSLCertVerificationError(1, '[SSL: CERTIFICATE_VERIFY_FAILED] certificate verify failed: unable to get local issuer certificate (_ssl.c:1028)')))

During handling of the above exception, another exception occurred:

Traceback (most recent call last):
  File "C:\ANALYTICS_ENGINEERING_DBT\dbt-env\Lib\site-packages\dbt_common\utils\connection.py", line 22, in connection_exception_retry
    return fn()
  File "C:\ANALYTICS_ENGINEERING_DBT\dbt-env\Lib\site-packages\dbt\clients\registry.py", line 168, in _get_index
    resp = requests.get(url, timeout=30)
  File "C:\ANALYTICS_ENGINEERING_DBT\dbt-env\Lib\site-packages\requests\api.py", line 73, in get
    return request("get", url, params=params, **kwargs)
  File "C:\ANALYTICS_ENGINEERING_DBT\dbt-env\Lib\site-packages\requests\api.py", line 59, in request
    return session.request(method=method, url=url, **kwargs)
           ~~~~~~~~~~~~~~~^^^^^^^^^^^^^^^^^^^^^^^^^^^^^^^^^^
  File "C:\ANALYTICS_ENGINEERING_DBT\dbt-env\Lib\site-packages\requests\sessions.py", line 592, in request
    resp = self.send(prep, **send_kwargs)
  File "C:\ANALYTICS_ENGINEERING_DBT\dbt-env\Lib\site-packages\requests\sessions.py", line 706, in send
    r = adapter.send(request, **kwargs)
  File "C:\ANALYTICS_ENGINEERING_DBT\dbt-env\Lib\site-packages\requests\adapters.py", line 676, in send
    raise SSLError(e, request=request)
requests.exceptions.SSLError: HTTPSConnectionPool(host='hub.getdbt.com', port=443): Max retries exceeded with url: /api/v1/index.json (Caused by SSLError(SSLCertVerificationError(1, '[SSL: CERTIFICATE_VERIFY_FAILED] certificate verify failed: unable to get local issuer certificate (_ssl.c:1028)')))

During handling of the above exception, another exception occurred:

Traceback (most recent call last):
  File "C:\ANALYTICS_ENGINEERING_DBT\dbt-env\Lib\site-packages\urllib3\connectionpool.py", line 464, in _make_request
    self._validate_conn(conn)
    ~~~~~~~~~~~~~~~~~~~^^^^^^
  File "C:\ANALYTICS_ENGINEERING_DBT\dbt-env\Lib\site-packages\urllib3\connectionpool.py", line 1106, in _validate_conn
    conn.connect()
    ~~~~~~~~~~~~^^
  File "C:\ANALYTICS_ENGINEERING_DBT\dbt-env\Lib\site-packages\urllib3\connection.py", line 796, in connect
    sock_and_verified = _ssl_wrap_socket_and_match_hostname(
        sock=sock,
    ...<14 lines>...
        assert_fingerprint=self.assert_fingerprint,
    )
  File "C:\ANALYTICS_ENGINEERING_DBT\dbt-env\Lib\site-packages\urllib3\connection.py", line 975, in _ssl_wrap_socket_and_match_hostname
    ssl_sock = ssl_wrap_socket(
        sock=sock,
    ...<8 lines>...
        tls_in_tls=tls_in_tls,
    )
  File "C:\ANALYTICS_ENGINEERING_DBT\dbt-env\Lib\site-packages\urllib3\util\ssl_.py", line 433, in ssl_wrap_socket
    ssl_sock = _ssl_wrap_socket_impl(sock, context, tls_in_tls, server_hostname)
  File "C:\ANALYTICS_ENGINEERING_DBT\dbt-env\Lib\site-packages\urllib3\util\ssl_.py", line 477, in _ssl_wrap_socket_impl
    return ssl_context.wrap_socket(sock, server_hostname=server_hostname)
           ~~~~~~~~~~~~~~~~~~~~~~~^^^^^^^^^^^^^^^^^^^^^^^^^^^^^^^^^^^^^^^
  File "C:\Users\ykw8828\AppData\Local\Programs\Python\Python313\Lib\ssl.py", line 455, in wrap_socket
    return self.sslsocket_class._create(
           ~~~~~~~~~~~~~~~~~~~~~~~~~~~~^
        sock=sock,
        ^^^^^^^^^^
    ...<5 lines>...
        session=session
        ^^^^^^^^^^^^^^^
    )
    ^
  File "C:\Users\ykw8828\AppData\Local\Programs\Python\Python313\Lib\ssl.py", line 1076, in _create
    self.do_handshake()
    ~~~~~~~~~~~~~~~~~^^
  File "C:\Users\ykw8828\AppData\Local\Programs\Python\Python313\Lib\ssl.py", line 1372, in do_handshake
    self._sslobj.do_handshake()
    ~~~~~~~~~~~~~~~~~~~~~~~~~^^
ssl.SSLCertVerificationError: [SSL: CERTIFICATE_VERIFY_FAILED] certificate verify failed: unable to get local issuer certificate (_ssl.c:1028)

During handling of the above exception, another exception occurred:

Traceback (most recent call last):
  File "C:\ANALYTICS_ENGINEERING_DBT\dbt-env\Lib\site-packages\urllib3\connectionpool.py", line 788, in urlopen
    response = self._make_request(
        conn,
    ...<10 lines>...
        **response_kw,
    )
  File "C:\ANALYTICS_ENGINEERING_DBT\dbt-env\Lib\site-packages\urllib3\connectionpool.py", line 488, in _make_request
    raise new_e
urllib3.exceptions.SSLError: [SSL: CERTIFICATE_VERIFY_FAILED] certificate verify failed: unable to get local issuer certificate (_ssl.c:1028)

The above exception was the direct cause of the following exception:

Traceback (most recent call last):
  File "C:\ANALYTICS_ENGINEERING_DBT\dbt-env\Lib\site-packages\requests\adapters.py", line 645, in send
    resp = conn.urlopen(
        method=request.method,
    ...<9 lines>...
        chunked=chunked,
    )
  File "C:\ANALYTICS_ENGINEERING_DBT\dbt-env\Lib\site-packages\urllib3\connectionpool.py", line 842, in urlopen
    retries = retries.increment(
        method, url, error=new_e, _pool=self, _stacktrace=sys.exc_info()[2]
    )
  File "C:\ANALYTICS_ENGINEERING_DBT\dbt-env\Lib\site-packages\urllib3\util\retry.py", line 543, in increment
    raise MaxRetryError(_pool, url, reason) from reason  # type: ignore[arg-type]
    ^^^^^^^^^^^^^^^^^^^^^^^^^^^^^^^^^^^^^^^^^^^^^^^^^^^
urllib3.exceptions.MaxRetryError: HTTPSConnectionPool(host='hub.getdbt.com', port=443): Max retries exceeded with url: /api/v1/index.json (Caused by SSLError(SSLCertVerificationError(1, '[SSL: CERTIFICATE_VERIFY_FAILED] certificate verify failed: unable to get local issuer certificate (_ssl.c:1028)')))

During handling of the above exception, another exception occurred:

Traceback (most recent call last):
  File "C:\ANALYTICS_ENGINEERING_DBT\dbt-env\Lib\site-packages\dbt_common\utils\connection.py", line 22, in connection_exception_retry
    return fn()
  File "C:\ANALYTICS_ENGINEERING_DBT\dbt-env\Lib\site-packages\dbt\clients\registry.py", line 168, in _get_index
    resp = requests.get(url, timeout=30)
  File "C:\ANALYTICS_ENGINEERING_DBT\dbt-env\Lib\site-packages\requests\api.py", line 73, in get
    return request("get", url, params=params, **kwargs)
  File "C:\ANALYTICS_ENGINEERING_DBT\dbt-env\Lib\site-packages\requests\api.py", line 59, in request
    return session.request(method=method, url=url, **kwargs)
           ~~~~~~~~~~~~~~~^^^^^^^^^^^^^^^^^^^^^^^^^^^^^^^^^^
  File "C:\ANALYTICS_ENGINEERING_DBT\dbt-env\Lib\site-packages\requests\sessions.py", line 592, in request
    resp = self.send(prep, **send_kwargs)
  File "C:\ANALYTICS_ENGINEERING_DBT\dbt-env\Lib\site-packages\requests\sessions.py", line 706, in send
    r = adapter.send(request, **kwargs)
  File "C:\ANALYTICS_ENGINEERING_DBT\dbt-env\Lib\site-packages\requests\adapters.py", line 676, in send
    raise SSLError(e, request=request)
requests.exceptions.SSLError: HTTPSConnectionPool(host='hub.getdbt.com', port=443): Max retries exceeded with url: /api/v1/index.json (Caused by SSLError(SSLCertVerificationError(1, '[SSL: CERTIFICATE_VERIFY_FAILED] certificate verify failed: unable to get local issuer certificate (_ssl.c:1028)')))

During handling of the above exception, another exception occurred:

Traceback (most recent call last):
  File "C:\ANALYTICS_ENGINEERING_DBT\dbt-env\Lib\site-packages\urllib3\connectionpool.py", line 464, in _make_request
    self._validate_conn(conn)
    ~~~~~~~~~~~~~~~~~~~^^^^^^
  File "C:\ANALYTICS_ENGINEERING_DBT\dbt-env\Lib\site-packages\urllib3\connectionpool.py", line 1106, in _validate_conn
    conn.connect()
    ~~~~~~~~~~~~^^
  File "C:\ANALYTICS_ENGINEERING_DBT\dbt-env\Lib\site-packages\urllib3\connection.py", line 796, in connect
    sock_and_verified = _ssl_wrap_socket_and_match_hostname(
        sock=sock,
    ...<14 lines>...
        assert_fingerprint=self.assert_fingerprint,
    )
  File "C:\ANALYTICS_ENGINEERING_DBT\dbt-env\Lib\site-packages\urllib3\connection.py", line 975, in _ssl_wrap_socket_and_match_hostname
    ssl_sock = ssl_wrap_socket(
        sock=sock,
    ...<8 lines>...
        tls_in_tls=tls_in_tls,
    )
  File "C:\ANALYTICS_ENGINEERING_DBT\dbt-env\Lib\site-packages\urllib3\util\ssl_.py", line 433, in ssl_wrap_socket
    ssl_sock = _ssl_wrap_socket_impl(sock, context, tls_in_tls, server_hostname)
  File "C:\ANALYTICS_ENGINEERING_DBT\dbt-env\Lib\site-packages\urllib3\util\ssl_.py", line 477, in _ssl_wrap_socket_impl
    return ssl_context.wrap_socket(sock, server_hostname=server_hostname)
           ~~~~~~~~~~~~~~~~~~~~~~~^^^^^^^^^^^^^^^^^^^^^^^^^^^^^^^^^^^^^^^
  File "C:\Users\ykw8828\AppData\Local\Programs\Python\Python313\Lib\ssl.py", line 455, in wrap_socket
    return self.sslsocket_class._create(
           ~~~~~~~~~~~~~~~~~~~~~~~~~~~~^
        sock=sock,
        ^^^^^^^^^^
    ...<5 lines>...
        session=session
        ^^^^^^^^^^^^^^^
    )
    ^
  File "C:\Users\ykw8828\AppData\Local\Programs\Python\Python313\Lib\ssl.py", line 1076, in _create
    self.do_handshake()
    ~~~~~~~~~~~~~~~~~^^
  File "C:\Users\ykw8828\AppData\Local\Programs\Python\Python313\Lib\ssl.py", line 1372, in do_handshake
    self._sslobj.do_handshake()
    ~~~~~~~~~~~~~~~~~~~~~~~~~^^
ssl.SSLCertVerificationError: [SSL: CERTIFICATE_VERIFY_FAILED] certificate verify failed: unable to get local issuer certificate (_ssl.c:1028)

During handling of the above exception, another exception occurred:

Traceback (most recent call last):
  File "C:\ANALYTICS_ENGINEERING_DBT\dbt-env\Lib\site-packages\urllib3\connectionpool.py", line 788, in urlopen
    response = self._make_request(
        conn,
    ...<10 lines>...
        **response_kw,
    )
  File "C:\ANALYTICS_ENGINEERING_DBT\dbt-env\Lib\site-packages\urllib3\connectionpool.py", line 488, in _make_request
    raise new_e
urllib3.exceptions.SSLError: [SSL: CERTIFICATE_VERIFY_FAILED] certificate verify failed: unable to get local issuer certificate (_ssl.c:1028)

The above exception was the direct cause of the following exception:

Traceback (most recent call last):
  File "C:\ANALYTICS_ENGINEERING_DBT\dbt-env\Lib\site-packages\requests\adapters.py", line 645, in send
    resp = conn.urlopen(
        method=request.method,
    ...<9 lines>...
        chunked=chunked,
    )
  File "C:\ANALYTICS_ENGINEERING_DBT\dbt-env\Lib\site-packages\urllib3\connectionpool.py", line 842, in urlopen
    retries = retries.increment(
        method, url, error=new_e, _pool=self, _stacktrace=sys.exc_info()[2]
    )
  File "C:\ANALYTICS_ENGINEERING_DBT\dbt-env\Lib\site-packages\urllib3\util\retry.py", line 543, in increment
    raise MaxRetryError(_pool, url, reason) from reason  # type: ignore[arg-type]
    ^^^^^^^^^^^^^^^^^^^^^^^^^^^^^^^^^^^^^^^^^^^^^^^^^^^
urllib3.exceptions.MaxRetryError: HTTPSConnectionPool(host='hub.getdbt.com', port=443): Max retries exceeded with url: /api/v1/index.json (Caused by SSLError(SSLCertVerificationError(1, '[SSL: CERTIFICATE_VERIFY_FAILED] certificate verify failed: unable to get local issuer certificate (_ssl.c:1028)')))

During handling of the above exception, another exception occurred:

Traceback (most recent call last):
  File "C:\ANALYTICS_ENGINEERING_DBT\dbt-env\Lib\site-packages\dbt_common\utils\connection.py", line 22, in connection_exception_retry
    return fn()
  File "C:\ANALYTICS_ENGINEERING_DBT\dbt-env\Lib\site-packages\dbt\clients\registry.py", line 168, in _get_index
    resp = requests.get(url, timeout=30)
  File "C:\ANALYTICS_ENGINEERING_DBT\dbt-env\Lib\site-packages\requests\api.py", line 73, in get
    return request("get", url, params=params, **kwargs)
  File "C:\ANALYTICS_ENGINEERING_DBT\dbt-env\Lib\site-packages\requests\api.py", line 59, in request
    return session.request(method=method, url=url, **kwargs)
           ~~~~~~~~~~~~~~~^^^^^^^^^^^^^^^^^^^^^^^^^^^^^^^^^^
  File "C:\ANALYTICS_ENGINEERING_DBT\dbt-env\Lib\site-packages\requests\sessions.py", line 592, in request
    resp = self.send(prep, **send_kwargs)
  File "C:\ANALYTICS_ENGINEERING_DBT\dbt-env\Lib\site-packages\requests\sessions.py", line 706, in send
    r = adapter.send(request, **kwargs)
  File "C:\ANALYTICS_ENGINEERING_DBT\dbt-env\Lib\site-packages\requests\adapters.py", line 676, in send
    raise SSLError(e, request=request)
requests.exceptions.SSLError: HTTPSConnectionPool(host='hub.getdbt.com', port=443): Max retries exceeded with url: /api/v1/index.json (Caused by SSLError(SSLCertVerificationError(1, '[SSL: CERTIFICATE_VERIFY_FAILED] certificate verify failed: unable to get local issuer certificate (_ssl.c:1028)')))

During handling of the above exception, another exception occurred:

Traceback (most recent call last):
  File "C:\ANALYTICS_ENGINEERING_DBT\dbt-env\Lib\site-packages\urllib3\connectionpool.py", line 464, in _make_request
    self._validate_conn(conn)
    ~~~~~~~~~~~~~~~~~~~^^^^^^
  File "C:\ANALYTICS_ENGINEERING_DBT\dbt-env\Lib\site-packages\urllib3\connectionpool.py", line 1106, in _validate_conn
    conn.connect()
    ~~~~~~~~~~~~^^
  File "C:\ANALYTICS_ENGINEERING_DBT\dbt-env\Lib\site-packages\urllib3\connection.py", line 796, in connect
    sock_and_verified = _ssl_wrap_socket_and_match_hostname(
        sock=sock,
    ...<14 lines>...
        assert_fingerprint=self.assert_fingerprint,
    )
  File "C:\ANALYTICS_ENGINEERING_DBT\dbt-env\Lib\site-packages\urllib3\connection.py", line 975, in _ssl_wrap_socket_and_match_hostname
    ssl_sock = ssl_wrap_socket(
        sock=sock,
    ...<8 lines>...
        tls_in_tls=tls_in_tls,
    )
  File "C:\ANALYTICS_ENGINEERING_DBT\dbt-env\Lib\site-packages\urllib3\util\ssl_.py", line 433, in ssl_wrap_socket
    ssl_sock = _ssl_wrap_socket_impl(sock, context, tls_in_tls, server_hostname)
  File "C:\ANALYTICS_ENGINEERING_DBT\dbt-env\Lib\site-packages\urllib3\util\ssl_.py", line 477, in _ssl_wrap_socket_impl
    return ssl_context.wrap_socket(sock, server_hostname=server_hostname)
           ~~~~~~~~~~~~~~~~~~~~~~~^^^^^^^^^^^^^^^^^^^^^^^^^^^^^^^^^^^^^^^
  File "C:\Users\ykw8828\AppData\Local\Programs\Python\Python313\Lib\ssl.py", line 455, in wrap_socket
    return self.sslsocket_class._create(
           ~~~~~~~~~~~~~~~~~~~~~~~~~~~~^
        sock=sock,
        ^^^^^^^^^^
    ...<5 lines>...
        session=session
        ^^^^^^^^^^^^^^^
    )
    ^
  File "C:\Users\ykw8828\AppData\Local\Programs\Python\Python313\Lib\ssl.py", line 1076, in _create
    self.do_handshake()
    ~~~~~~~~~~~~~~~~~^^
  File "C:\Users\ykw8828\AppData\Local\Programs\Python\Python313\Lib\ssl.py", line 1372, in do_handshake
    self._sslobj.do_handshake()
    ~~~~~~~~~~~~~~~~~~~~~~~~~^^
ssl.SSLCertVerificationError: [SSL: CERTIFICATE_VERIFY_FAILED] certificate verify failed: unable to get local issuer certificate (_ssl.c:1028)

During handling of the above exception, another exception occurred:

Traceback (most recent call last):
  File "C:\ANALYTICS_ENGINEERING_DBT\dbt-env\Lib\site-packages\urllib3\connectionpool.py", line 788, in urlopen
    response = self._make_request(
        conn,
    ...<10 lines>...
        **response_kw,
    )
  File "C:\ANALYTICS_ENGINEERING_DBT\dbt-env\Lib\site-packages\urllib3\connectionpool.py", line 488, in _make_request
    raise new_e
urllib3.exceptions.SSLError: [SSL: CERTIFICATE_VERIFY_FAILED] certificate verify failed: unable to get local issuer certificate (_ssl.c:1028)

The above exception was the direct cause of the following exception:

Traceback (most recent call last):
  File "C:\ANALYTICS_ENGINEERING_DBT\dbt-env\Lib\site-packages\requests\adapters.py", line 645, in send
    resp = conn.urlopen(
        method=request.method,
    ...<9 lines>...
        chunked=chunked,
    )
  File "C:\ANALYTICS_ENGINEERING_DBT\dbt-env\Lib\site-packages\urllib3\connectionpool.py", line 842, in urlopen
    retries = retries.increment(
        method, url, error=new_e, _pool=self, _stacktrace=sys.exc_info()[2]
    )
  File "C:\ANALYTICS_ENGINEERING_DBT\dbt-env\Lib\site-packages\urllib3\util\retry.py", line 543, in increment
    raise MaxRetryError(_pool, url, reason) from reason  # type: ignore[arg-type]
    ^^^^^^^^^^^^^^^^^^^^^^^^^^^^^^^^^^^^^^^^^^^^^^^^^^^
urllib3.exceptions.MaxRetryError: HTTPSConnectionPool(host='hub.getdbt.com', port=443): Max retries exceeded with url: /api/v1/index.json (Caused by SSLError(SSLCertVerificationError(1, '[SSL: CERTIFICATE_VERIFY_FAILED] certificate verify failed: unable to get local issuer certificate (_ssl.c:1028)')))

During handling of the above exception, another exception occurred:

Traceback (most recent call last):
  File "C:\ANALYTICS_ENGINEERING_DBT\dbt-env\Lib\site-packages\dbt_common\utils\connection.py", line 22, in connection_exception_retry
    return fn()
  File "C:\ANALYTICS_ENGINEERING_DBT\dbt-env\Lib\site-packages\dbt\clients\registry.py", line 168, in _get_index
    resp = requests.get(url, timeout=30)
  File "C:\ANALYTICS_ENGINEERING_DBT\dbt-env\Lib\site-packages\requests\api.py", line 73, in get
    return request("get", url, params=params, **kwargs)
  File "C:\ANALYTICS_ENGINEERING_DBT\dbt-env\Lib\site-packages\requests\api.py", line 59, in request
    return session.request(method=method, url=url, **kwargs)
           ~~~~~~~~~~~~~~~^^^^^^^^^^^^^^^^^^^^^^^^^^^^^^^^^^
  File "C:\ANALYTICS_ENGINEERING_DBT\dbt-env\Lib\site-packages\requests\sessions.py", line 592, in request
    resp = self.send(prep, **send_kwargs)
  File "C:\ANALYTICS_ENGINEERING_DBT\dbt-env\Lib\site-packages\requests\sessions.py", line 706, in send
    r = adapter.send(request, **kwargs)
  File "C:\ANALYTICS_ENGINEERING_DBT\dbt-env\Lib\site-packages\requests\adapters.py", line 676, in send
    raise SSLError(e, request=request)
requests.exceptions.SSLError: HTTPSConnectionPool(host='hub.getdbt.com', port=443): Max retries exceeded with url: /api/v1/index.json (Caused by SSLError(SSLCertVerificationError(1, '[SSL: CERTIFICATE_VERIFY_FAILED] certificate verify failed: unable to get local issuer certificate (_ssl.c:1028)')))

During handling of the above exception, another exception occurred:

Traceback (most recent call last):
  File "C:\ANALYTICS_ENGINEERING_DBT\dbt-env\Lib\site-packages\urllib3\connectionpool.py", line 464, in _make_request
    self._validate_conn(conn)
    ~~~~~~~~~~~~~~~~~~~^^^^^^
  File "C:\ANALYTICS_ENGINEERING_DBT\dbt-env\Lib\site-packages\urllib3\connectionpool.py", line 1106, in _validate_conn
    conn.connect()
    ~~~~~~~~~~~~^^
  File "C:\ANALYTICS_ENGINEERING_DBT\dbt-env\Lib\site-packages\urllib3\connection.py", line 796, in connect
    sock_and_verified = _ssl_wrap_socket_and_match_hostname(
        sock=sock,
    ...<14 lines>...
        assert_fingerprint=self.assert_fingerprint,
    )
  File "C:\ANALYTICS_ENGINEERING_DBT\dbt-env\Lib\site-packages\urllib3\connection.py", line 975, in _ssl_wrap_socket_and_match_hostname
    ssl_sock = ssl_wrap_socket(
        sock=sock,
    ...<8 lines>...
        tls_in_tls=tls_in_tls,
    )
  File "C:\ANALYTICS_ENGINEERING_DBT\dbt-env\Lib\site-packages\urllib3\util\ssl_.py", line 433, in ssl_wrap_socket
    ssl_sock = _ssl_wrap_socket_impl(sock, context, tls_in_tls, server_hostname)
  File "C:\ANALYTICS_ENGINEERING_DBT\dbt-env\Lib\site-packages\urllib3\util\ssl_.py", line 477, in _ssl_wrap_socket_impl
    return ssl_context.wrap_socket(sock, server_hostname=server_hostname)
           ~~~~~~~~~~~~~~~~~~~~~~~^^^^^^^^^^^^^^^^^^^^^^^^^^^^^^^^^^^^^^^
  File "C:\Users\ykw8828\AppData\Local\Programs\Python\Python313\Lib\ssl.py", line 455, in wrap_socket
    return self.sslsocket_class._create(
           ~~~~~~~~~~~~~~~~~~~~~~~~~~~~^
        sock=sock,
        ^^^^^^^^^^
    ...<5 lines>...
        session=session
        ^^^^^^^^^^^^^^^
    )
    ^
  File "C:\Users\ykw8828\AppData\Local\Programs\Python\Python313\Lib\ssl.py", line 1076, in _create
    self.do_handshake()
    ~~~~~~~~~~~~~~~~~^^
  File "C:\Users\ykw8828\AppData\Local\Programs\Python\Python313\Lib\ssl.py", line 1372, in do_handshake
    self._sslobj.do_handshake()
    ~~~~~~~~~~~~~~~~~~~~~~~~~^^
ssl.SSLCertVerificationError: [SSL: CERTIFICATE_VERIFY_FAILED] certificate verify failed: unable to get local issuer certificate (_ssl.c:1028)

During handling of the above exception, another exception occurred:

Traceback (most recent call last):
  File "C:\ANALYTICS_ENGINEERING_DBT\dbt-env\Lib\site-packages\urllib3\connectionpool.py", line 788, in urlopen
    response = self._make_request(
        conn,
    ...<10 lines>...
        **response_kw,
    )
  File "C:\ANALYTICS_ENGINEERING_DBT\dbt-env\Lib\site-packages\urllib3\connectionpool.py", line 488, in _make_request
    raise new_e
urllib3.exceptions.SSLError: [SSL: CERTIFICATE_VERIFY_FAILED] certificate verify failed: unable to get local issuer certificate (_ssl.c:1028)

The above exception was the direct cause of the following exception:

Traceback (most recent call last):
  File "C:\ANALYTICS_ENGINEERING_DBT\dbt-env\Lib\site-packages\requests\adapters.py", line 645, in send
    resp = conn.urlopen(
        method=request.method,
    ...<9 lines>...
        chunked=chunked,
    )
  File "C:\ANALYTICS_ENGINEERING_DBT\dbt-env\Lib\site-packages\urllib3\connectionpool.py", line 842, in urlopen
    retries = retries.increment(
        method, url, error=new_e, _pool=self, _stacktrace=sys.exc_info()[2]
    )
  File "C:\ANALYTICS_ENGINEERING_DBT\dbt-env\Lib\site-packages\urllib3\util\retry.py", line 543, in increment
    raise MaxRetryError(_pool, url, reason) from reason  # type: ignore[arg-type]
    ^^^^^^^^^^^^^^^^^^^^^^^^^^^^^^^^^^^^^^^^^^^^^^^^^^^
urllib3.exceptions.MaxRetryError: HTTPSConnectionPool(host='hub.getdbt.com', port=443): Max retries exceeded with url: /api/v1/index.json (Caused by SSLError(SSLCertVerificationError(1, '[SSL: CERTIFICATE_VERIFY_FAILED] certificate verify failed: unable to get local issuer certificate (_ssl.c:1028)')))

During handling of the above exception, another exception occurred:

Traceback (most recent call last):
  File "C:\ANALYTICS_ENGINEERING_DBT\dbt-env\Lib\site-packages\dbt_common\utils\connection.py", line 22, in connection_exception_retry
    return fn()
  File "C:\ANALYTICS_ENGINEERING_DBT\dbt-env\Lib\site-packages\dbt\clients\registry.py", line 168, in _get_index
    resp = requests.get(url, timeout=30)
  File "C:\ANALYTICS_ENGINEERING_DBT\dbt-env\Lib\site-packages\requests\api.py", line 73, in get
    return request("get", url, params=params, **kwargs)
  File "C:\ANALYTICS_ENGINEERING_DBT\dbt-env\Lib\site-packages\requests\api.py", line 59, in request
    return session.request(method=method, url=url, **kwargs)
           ~~~~~~~~~~~~~~~^^^^^^^^^^^^^^^^^^^^^^^^^^^^^^^^^^
  File "C:\ANALYTICS_ENGINEERING_DBT\dbt-env\Lib\site-packages\requests\sessions.py", line 592, in request
    resp = self.send(prep, **send_kwargs)
  File "C:\ANALYTICS_ENGINEERING_DBT\dbt-env\Lib\site-packages\requests\sessions.py", line 706, in send
    r = adapter.send(request, **kwargs)
  File "C:\ANALYTICS_ENGINEERING_DBT\dbt-env\Lib\site-packages\requests\adapters.py", line 676, in send
    raise SSLError(e, request=request)
requests.exceptions.SSLError: HTTPSConnectionPool(host='hub.getdbt.com', port=443): Max retries exceeded with url: /api/v1/index.json (Caused by SSLError(SSLCertVerificationError(1, '[SSL: CERTIFICATE_VERIFY_FAILED] certificate verify failed: unable to get local issuer certificate (_ssl.c:1028)')))

During handling of the above exception, another exception occurred:

Traceback (most recent call last):
  File "C:\ANALYTICS_ENGINEERING_DBT\dbt-env\Lib\site-packages\urllib3\connectionpool.py", line 464, in _make_request
    self._validate_conn(conn)
    ~~~~~~~~~~~~~~~~~~~^^^^^^
  File "C:\ANALYTICS_ENGINEERING_DBT\dbt-env\Lib\site-packages\urllib3\connectionpool.py", line 1106, in _validate_conn
    conn.connect()
    ~~~~~~~~~~~~^^
  File "C:\ANALYTICS_ENGINEERING_DBT\dbt-env\Lib\site-packages\urllib3\connection.py", line 796, in connect
    sock_and_verified = _ssl_wrap_socket_and_match_hostname(
        sock=sock,
    ...<14 lines>...
        assert_fingerprint=self.assert_fingerprint,
    )
  File "C:\ANALYTICS_ENGINEERING_DBT\dbt-env\Lib\site-packages\urllib3\connection.py", line 975, in _ssl_wrap_socket_and_match_hostname
    ssl_sock = ssl_wrap_socket(
        sock=sock,
    ...<8 lines>...
        tls_in_tls=tls_in_tls,
    )
  File "C:\ANALYTICS_ENGINEERING_DBT\dbt-env\Lib\site-packages\urllib3\util\ssl_.py", line 433, in ssl_wrap_socket
    ssl_sock = _ssl_wrap_socket_impl(sock, context, tls_in_tls, server_hostname)
  File "C:\ANALYTICS_ENGINEERING_DBT\dbt-env\Lib\site-packages\urllib3\util\ssl_.py", line 477, in _ssl_wrap_socket_impl
    return ssl_context.wrap_socket(sock, server_hostname=server_hostname)
           ~~~~~~~~~~~~~~~~~~~~~~~^^^^^^^^^^^^^^^^^^^^^^^^^^^^^^^^^^^^^^^
  File "C:\Users\ykw8828\AppData\Local\Programs\Python\Python313\Lib\ssl.py", line 455, in wrap_socket
    return self.sslsocket_class._create(
           ~~~~~~~~~~~~~~~~~~~~~~~~~~~~^
        sock=sock,
        ^^^^^^^^^^
    ...<5 lines>...
        session=session
        ^^^^^^^^^^^^^^^
    )
    ^
  File "C:\Users\ykw8828\AppData\Local\Programs\Python\Python313\Lib\ssl.py", line 1076, in _create
    self.do_handshake()
    ~~~~~~~~~~~~~~~~~^^
  File "C:\Users\ykw8828\AppData\Local\Programs\Python\Python313\Lib\ssl.py", line 1372, in do_handshake
    self._sslobj.do_handshake()
    ~~~~~~~~~~~~~~~~~~~~~~~~~^^
ssl.SSLCertVerificationError: [SSL: CERTIFICATE_VERIFY_FAILED] certificate verify failed: unable to get local issuer certificate (_ssl.c:1028)

During handling of the above exception, another exception occurred:

Traceback (most recent call last):
  File "C:\ANALYTICS_ENGINEERING_DBT\dbt-env\Lib\site-packages\urllib3\connectionpool.py", line 788, in urlopen
    response = self._make_request(
        conn,
    ...<10 lines>...
        **response_kw,
    )
  File "C:\ANALYTICS_ENGINEERING_DBT\dbt-env\Lib\site-packages\urllib3\connectionpool.py", line 488, in _make_request
    raise new_e
urllib3.exceptions.SSLError: [SSL: CERTIFICATE_VERIFY_FAILED] certificate verify failed: unable to get local issuer certificate (_ssl.c:1028)

The above exception was the direct cause of the following exception:

Traceback (most recent call last):
  File "C:\ANALYTICS_ENGINEERING_DBT\dbt-env\Lib\site-packages\requests\adapters.py", line 645, in send
    resp = conn.urlopen(
        method=request.method,
    ...<9 lines>...
        chunked=chunked,
    )
  File "C:\ANALYTICS_ENGINEERING_DBT\dbt-env\Lib\site-packages\urllib3\connectionpool.py", line 842, in urlopen
    retries = retries.increment(
        method, url, error=new_e, _pool=self, _stacktrace=sys.exc_info()[2]
    )
  File "C:\ANALYTICS_ENGINEERING_DBT\dbt-env\Lib\site-packages\urllib3\util\retry.py", line 543, in increment
    raise MaxRetryError(_pool, url, reason) from reason  # type: ignore[arg-type]
    ^^^^^^^^^^^^^^^^^^^^^^^^^^^^^^^^^^^^^^^^^^^^^^^^^^^
urllib3.exceptions.MaxRetryError: HTTPSConnectionPool(host='hub.getdbt.com', port=443): Max retries exceeded with url: /api/v1/index.json (Caused by SSLError(SSLCertVerificationError(1, '[SSL: CERTIFICATE_VERIFY_FAILED] certificate verify failed: unable to get local issuer certificate (_ssl.c:1028)')))

During handling of the above exception, another exception occurred:

Traceback (most recent call last):
  File "C:\ANALYTICS_ENGINEERING_DBT\dbt-env\Lib\site-packages\dbt_common\utils\connection.py", line 22, in connection_exception_retry
    return fn()
  File "C:\ANALYTICS_ENGINEERING_DBT\dbt-env\Lib\site-packages\dbt\clients\registry.py", line 168, in _get_index
    resp = requests.get(url, timeout=30)
  File "C:\ANALYTICS_ENGINEERING_DBT\dbt-env\Lib\site-packages\requests\api.py", line 73, in get
    return request("get", url, params=params, **kwargs)
  File "C:\ANALYTICS_ENGINEERING_DBT\dbt-env\Lib\site-packages\requests\api.py", line 59, in request
    return session.request(method=method, url=url, **kwargs)
           ~~~~~~~~~~~~~~~^^^^^^^^^^^^^^^^^^^^^^^^^^^^^^^^^^
  File "C:\ANALYTICS_ENGINEERING_DBT\dbt-env\Lib\site-packages\requests\sessions.py", line 592, in request
    resp = self.send(prep, **send_kwargs)
  File "C:\ANALYTICS_ENGINEERING_DBT\dbt-env\Lib\site-packages\requests\sessions.py", line 706, in send
    r = adapter.send(request, **kwargs)
  File "C:\ANALYTICS_ENGINEERING_DBT\dbt-env\Lib\site-packages\requests\adapters.py", line 676, in send
    raise SSLError(e, request=request)
requests.exceptions.SSLError: HTTPSConnectionPool(host='hub.getdbt.com', port=443): Max retries exceeded with url: /api/v1/index.json (Caused by SSLError(SSLCertVerificationError(1, '[SSL: CERTIFICATE_VERIFY_FAILED] certificate verify failed: unable to get local issuer certificate (_ssl.c:1028)')))

During handling of the above exception, another exception occurred:

Traceback (most recent call last):
  File "C:\ANALYTICS_ENGINEERING_DBT\dbt-env\Lib\site-packages\dbt\cli\requires.py", line 190, in wrapper
    result, success = func(*args, **kwargs)
                      ~~~~^^^^^^^^^^^^^^^^^
  File "C:\ANALYTICS_ENGINEERING_DBT\dbt-env\Lib\site-packages\dbt\cli\requires.py", line 136, in wrapper
    return func(*args, **kwargs)
  File "C:\ANALYTICS_ENGINEERING_DBT\dbt-env\Lib\site-packages\dbt\cli\requires.py", line 269, in wrapper
    return func(*args, **kwargs)
  File "C:\ANALYTICS_ENGINEERING_DBT\dbt-env\Lib\site-packages\dbt\cli\requires.py", line 332, in wrapper
    return func(*args, **kwargs)
  File "C:\ANALYTICS_ENGINEERING_DBT\dbt-env\Lib\site-packages\dbt\cli\main.py", line 480, in deps
    results = task.run()
  File "C:\ANALYTICS_ENGINEERING_DBT\dbt-env\Lib\site-packages\dbt\task\deps.py", line 289, in run
    self.lock()
    ~~~~~~~~~^^
  File "C:\ANALYTICS_ENGINEERING_DBT\dbt-env\Lib\site-packages\dbt\task\deps.py", line 261, in lock
    resolved_deps = resolve_packages(packages, self.project, self.cli_vars)
  File "C:\ANALYTICS_ENGINEERING_DBT\dbt-env\Lib\site-packages\dbt\deps\resolver.py", line 130, in resolve_packages
    target = final[package].resolved().fetch_metadata(project, renderer)
             ~~~~~~~~~~~~~~~~~~~~~~~^^
  File "C:\ANALYTICS_ENGINEERING_DBT\dbt-env\Lib\site-packages\dbt\deps\registry.py", line 98, in resolved
    self._check_in_index()
    ~~~~~~~~~~~~~~~~~~~~^^
  File "C:\ANALYTICS_ENGINEERING_DBT\dbt-env\Lib\site-packages\dbt\deps\registry.py", line 75, in _check_in_index
    index = registry.index_cached()
  File "C:\ANALYTICS_ENGINEERING_DBT\dbt-env\Lib\site-packages\dbt\utils\utils.py", line 127, in __call__
    value = self.func(*args)
  File "C:\ANALYTICS_ENGINEERING_DBT\dbt-env\Lib\site-packages\dbt\clients\registry.py", line 189, in index
    return connection_exception_retry(get_index_fn, 5)
  File "C:\ANALYTICS_ENGINEERING_DBT\dbt-env\Lib\site-packages\dbt_common\utils\connection.py", line 36, in connection_exception_retry
    return connection_exception_retry(fn, max_attempts, attempt + 1)
  File "C:\ANALYTICS_ENGINEERING_DBT\dbt-env\Lib\site-packages\dbt_common\utils\connection.py", line 36, in connection_exception_retry
    return connection_exception_retry(fn, max_attempts, attempt + 1)
  File "C:\ANALYTICS_ENGINEERING_DBT\dbt-env\Lib\site-packages\dbt_common\utils\connection.py", line 36, in connection_exception_retry
    return connection_exception_retry(fn, max_attempts, attempt + 1)
  [Previous line repeated 2 more times]
  File "C:\ANALYTICS_ENGINEERING_DBT\dbt-env\Lib\site-packages\dbt_common\utils\connection.py", line 38, in connection_exception_retry
    raise ConnectionError("External connection exception occurred: " + str(exc))
dbt_common.exceptions.connection.ConnectionError: External connection exception occurred: HTTPSConnectionPool(host='hub.getdbt.com', port=443): Max retries exceeded with url: /api/v1/index.json (Caused by SSLError(SSLCertVerificationError(1, '[SSL: CERTIFICATE_VERIFY_FAILED] certificate verify failed: unable to get local issuer certificate (_ssl.c:1028)')))

[0m15:20:15.989888 [debug] [MainThread]: Command `dbt deps` failed at 15:20:15.989423 after 10.37 seconds
[0m15:20:15.990833 [debug] [MainThread]: Sending event: {'category': 'dbt', 'action': 'invocation', 'label': 'end', 'context': [<snowplow_tracker.self_describing_json.SelfDescribingJson object at 0x000001FD92F8E9C0>, <snowplow_tracker.self_describing_json.SelfDescribingJson object at 0x000001FD92F8EAD0>, <snowplow_tracker.self_describing_json.SelfDescribingJson object at 0x000001FD92FA6D50>]}
[0m15:20:15.991381 [debug] [MainThread]: Flushing usage events
[0m15:20:16.966300 [debug] [MainThread]: An error was encountered while trying to flush usage events
[0m15:21:07.492569 [debug] [MainThread]: Sending event: {'category': 'dbt', 'action': 'invocation', 'label': 'start', 'context': [<snowplow_tracker.self_describing_json.SelfDescribingJson object at 0x0000023FCA24A510>, <snowplow_tracker.self_describing_json.SelfDescribingJson object at 0x0000023FC5F651D0>, <snowplow_tracker.self_describing_json.SelfDescribingJson object at 0x0000023FCC7CFB10>]}


============================== 15:21:07.505996 | 41691b79-2ef2-416c-ad08-e6bb9249eec9 ==============================
[0m15:21:07.505996 [info ] [MainThread]: Running with dbt=1.12.0
[0m15:21:07.508302 [debug] [MainThread]: running dbt with arguments {'maximum_seed_size_mib': '1', 'no_print': 'None', 'static_parser': 'True', 'warn_error_options': 'WarnErrorOptionsV2(error=[], warn=[], silence=[])', 'target_path': 'None', 'version_check': 'True', 'printer_width': '80', 'write_json': 'True', 'introspect': 'True', 'log_cache_events': 'False', 'empty': 'None', 'cache_selected_only': 'False', 'log_format': 'default', 'debug': 'False', 'fail_fast': 'False', 'profiles_dir': 'C:\\analytics_engineering_dbt\\orcid_role_identifier', 'send_anonymous_usage_stats': 'True', 'quiet': 'False', 'warn_error': 'None', 'partial_parse': 'True', 'invocation_command': 'dbt deps', 'hints_enabled': 'True', 'indirect_selection': 'eager', 'use_experimental_parser': 'False', 'use_colors': 'True', 'log_path': 'C:\\analytics_engineering_dbt\\orcid_role_identifier\\logs'}
[0m15:21:08.061653 [debug] [MainThread]: Sending event: {'category': 'dbt', 'action': 'project_id', 'label': '41691b79-2ef2-416c-ad08-e6bb9249eec9', 'context': [<snowplow_tracker.self_describing_json.SelfDescribingJson object at 0x0000023FCA78CC30>]}
[0m15:21:08.147579 [debug] [MainThread]: Set downloads directory='C:\Users\ykw8828\AppData\Local\Temp\dbt-downloads-m3at7y39'
[0m15:21:08.149467 [debug] [MainThread]: Making package index registry request: GET https://hub.getdbt.com/api/v1/index.json
[0m15:21:09.290062 [debug] [MainThread]: Response from registry index: GET https://hub.getdbt.com/api/v1/index.json 200
[0m15:21:09.298878 [debug] [MainThread]: Making package registry request: GET https://hub.getdbt.com/api/v1/dbt-labs/dbt_utils.json
[0m15:21:10.287798 [debug] [MainThread]: Response from registry: GET https://hub.getdbt.com/api/v1/dbt-labs/dbt_utils.json 200
[0m15:21:10.351121 [info ] [MainThread]: Updating lock file in file path: C:\analytics_engineering_dbt\orcid_role_identifier/package-lock.yml
[0m15:21:10.369237 [debug] [MainThread]: Set downloads directory='C:\Users\ykw8828\AppData\Local\Temp\dbt-downloads-kszu68k2'
[0m15:21:10.380662 [info ] [MainThread]: Installing dbt-labs/dbt_utils
[0m15:21:12.949167 [info ] [MainThread]: Installed from version 1.4.1
[0m15:21:12.951174 [info ] [MainThread]: Up to date!
[0m15:21:12.953053 [debug] [MainThread]: Sending event: {'category': 'dbt', 'action': 'package', 'label': '41691b79-2ef2-416c-ad08-e6bb9249eec9', 'property_': 'install', 'context': [<snowplow_tracker.self_describing_json.SelfDescribingJson object at 0x0000023FCC8129C0>, <snowplow_tracker.self_describing_json.SelfDescribingJson object at 0x0000023FCC813570>]}
[0m15:21:12.960320 [debug] [MainThread]: Command `dbt deps` succeeded at 15:21:12.959770 after 6.05 seconds
[0m15:21:12.961883 [debug] [MainThread]: Sending event: {'category': 'dbt', 'action': 'invocation', 'label': 'end', 'context': [<snowplow_tracker.self_describing_json.SelfDescribingJson object at 0x0000023FCC860A50>, <snowplow_tracker.self_describing_json.SelfDescribingJson object at 0x0000023FCC7AAB70>, <snowplow_tracker.self_describing_json.SelfDescribingJson object at 0x0000023FCC7AAC60>]}
[0m15:21:12.963247 [debug] [MainThread]: Flushing usage events
[0m15:21:14.469695 [debug] [MainThread]: An error was encountered while trying to flush usage events
[0m15:31:09.917069 [debug] [MainThread]: Sending event: {'category': 'dbt', 'action': 'invocation', 'label': 'start', 'context': [<snowplow_tracker.self_describing_json.SelfDescribingJson object at 0x0000016EA885A510>, <snowplow_tracker.self_describing_json.SelfDescribingJson object at 0x0000016EAAE77ED0>, <snowplow_tracker.self_describing_json.SelfDescribingJson object at 0x0000016EAAE77B10>]}


============================== 15:31:09.928277 | d2ccd7b0-a924-44b9-9569-ae243b697c0b ==============================
[0m15:31:09.928277 [info ] [MainThread]: Running with dbt=1.12.0
[0m15:31:09.930029 [debug] [MainThread]: running dbt with arguments {'maximum_seed_size_mib': '1', 'no_print': 'None', 'static_parser': 'True', 'target_path': 'None', 'version_check': 'True', 'warn_error_options': 'WarnErrorOptionsV2(error=[], warn=[], silence=[])', 'printer_width': '80', 'write_json': 'True', 'introspect': 'True', 'log_cache_events': 'False', 'empty': 'False', 'cache_selected_only': 'False', 'log_format': 'default', 'debug': 'False', 'fail_fast': 'False', 'partial_parse': 'True', 'send_anonymous_usage_stats': 'True', 'quiet': 'False', 'warn_error': 'None', 'profiles_dir': 'C:\\analytics_engineering_dbt\\orcid_role_identifier', 'use_colors': 'True', 'hints_enabled': 'True', 'indirect_selection': 'eager', 'use_experimental_parser': 'False', 'invocation_command': 'dbt seed', 'log_path': 'C:\\analytics_engineering_dbt\\orcid_role_identifier\\logs'}
[0m15:31:18.157036 [debug] [MainThread]: Sending event: {'category': 'dbt', 'action': 'project_id', 'label': 'd2ccd7b0-a924-44b9-9569-ae243b697c0b', 'context': [<snowplow_tracker.self_describing_json.SelfDescribingJson object at 0x0000016EA8DBCC30>]}
[0m15:31:18.410589 [debug] [MainThread]: Sending event: {'category': 'dbt', 'action': 'adapter_info', 'label': 'd2ccd7b0-a924-44b9-9569-ae243b697c0b', 'context': [<snowplow_tracker.self_describing_json.SelfDescribingJson object at 0x0000016EC95746B0>]}
[0m15:31:18.412737 [info ] [MainThread]: Registered adapter: bigquery=1.12.0
[0m15:31:20.170092 [debug] [MainThread]: checksum: 06d061997f46e5ca1259b0fae4fe9e9dedb1949b16edb4376a9dd3cef0739338, vars: {}, profile: orcid_role_identifier, target: dev, version: 1.12.0
[0m15:31:20.173347 [info ] [MainThread]: Unable to do partial parsing because saved manifest not found. Starting full parse.
[0m15:31:20.175145 [debug] [MainThread]: Sending event: {'category': 'dbt', 'action': 'partial_parser', 'label': 'd2ccd7b0-a924-44b9-9569-ae243b697c0b', 'context': [<snowplow_tracker.self_describing_json.SelfDescribingJson object at 0x0000016EC854CB50>]}
[0m15:31:23.866256 [error] [MainThread]: [[31mERROR[0m]: Encountered an error:
Compilation Error in model dim_researcher_role_flags (models\presentation\dim_researcher_role_flags.sql)
  'None' has no attribute 'items'
  
  > in macro role_flag_columns (macros\scoring.sql)
  > called by model dim_researcher_role_flags (models\presentation\dim_researcher_role_flags.sql)
[0m15:31:23.867872 [debug] [MainThread]: Command `dbt seed` failed at 15:31:23.867727 after 14.57 seconds
[0m15:31:23.868279 [debug] [MainThread]: Sending event: {'category': 'dbt', 'action': 'invocation', 'label': 'end', 'context': [<snowplow_tracker.self_describing_json.SelfDescribingJson object at 0x0000016EC95209B0>, <snowplow_tracker.self_describing_json.SelfDescribingJson object at 0x0000016EC95207D0>, <snowplow_tracker.self_describing_json.SelfDescribingJson object at 0x0000016EAADE3E70>]}
[0m15:31:23.868638 [debug] [MainThread]: Flushing usage events
[0m15:31:25.206070 [debug] [MainThread]: An error was encountered while trying to flush usage events
[0m15:38:28.991597 [debug] [MainThread]: Sending event: {'category': 'dbt', 'action': 'invocation', 'label': 'start', 'context': [<snowplow_tracker.self_describing_json.SelfDescribingJson object at 0x000001CBB78BE510>, <snowplow_tracker.self_describing_json.SelfDescribingJson object at 0x000001CBB35B51D0>, <snowplow_tracker.self_describing_json.SelfDescribingJson object at 0x000001CBB9E5FB10>]}


============================== 15:38:29.001758 | e00523f3-e68d-4b12-8296-b8253d1e554a ==============================
[0m15:38:29.001758 [info ] [MainThread]: Running with dbt=1.12.0
[0m15:38:29.003722 [debug] [MainThread]: running dbt with arguments {'maximum_seed_size_mib': '1', 'no_print': 'None', 'version_check': 'True', 'warn_error_options': 'WarnErrorOptionsV2(error=[], warn=[], silence=[])', 'static_parser': 'True', 'target_path': 'None', 'printer_width': '80', 'write_json': 'True', 'empty': 'None', 'log_cache_events': 'False', 'introspect': 'True', 'cache_selected_only': 'False', 'log_format': 'default', 'debug': 'False', 'fail_fast': 'False', 'profiles_dir': 'C:\\analytics_engineering_dbt\\orcid_role_identifier', 'send_anonymous_usage_stats': 'True', 'quiet': 'False', 'warn_error': 'None', 'partial_parse': 'True', 'use_colors': 'True', 'hints_enabled': 'True', 'invocation_command': 'dbt deps', 'use_experimental_parser': 'False', 'indirect_selection': 'eager', 'log_path': 'C:\\analytics_engineering_dbt\\orcid_role_identifier\\logs'}
[0m15:38:29.314579 [debug] [MainThread]: Sending event: {'category': 'dbt', 'action': 'project_id', 'label': 'e00523f3-e68d-4b12-8296-b8253d1e554a', 'context': [<snowplow_tracker.self_describing_json.SelfDescribingJson object at 0x000001CBB7E1CC30>]}
[0m15:38:29.436270 [debug] [MainThread]: Set downloads directory='C:\Users\ykw8828\AppData\Local\Temp\dbt-downloads-sfld770e'
[0m15:38:29.436921 [debug] [MainThread]: Making package index registry request: GET https://hub.getdbt.com/api/v1/index.json
[0m15:38:30.244513 [debug] [MainThread]: External call exception: HTTPSConnectionPool(host='hub.getdbt.com', port=443): Max retries exceeded with url: /api/v1/index.json (Caused by SSLError(SSLCertVerificationError(1, '[SSL: CERTIFICATE_VERIFY_FAILED] certificate verify failed: unable to get local issuer certificate (_ssl.c:1028)')))
[0m15:38:30.245963 [debug] [MainThread]: Retrying external call. Attempt: 0 Max attempts: 5
[0m15:38:31.247366 [debug] [MainThread]: Making package index registry request: GET https://hub.getdbt.com/api/v1/index.json
[0m15:38:31.877896 [debug] [MainThread]: External call exception: HTTPSConnectionPool(host='hub.getdbt.com', port=443): Max retries exceeded with url: /api/v1/index.json (Caused by SSLError(SSLCertVerificationError(1, '[SSL: CERTIFICATE_VERIFY_FAILED] certificate verify failed: unable to get local issuer certificate (_ssl.c:1028)')))
[0m15:38:31.878900 [debug] [MainThread]: Retrying external call. Attempt: 1 Max attempts: 5
[0m15:38:32.880331 [debug] [MainThread]: Making package index registry request: GET https://hub.getdbt.com/api/v1/index.json
[0m15:38:33.657354 [debug] [MainThread]: External call exception: HTTPSConnectionPool(host='hub.getdbt.com', port=443): Max retries exceeded with url: /api/v1/index.json (Caused by SSLError(SSLCertVerificationError(1, '[SSL: CERTIFICATE_VERIFY_FAILED] certificate verify failed: unable to get local issuer certificate (_ssl.c:1028)')))
[0m15:38:33.658844 [debug] [MainThread]: Retrying external call. Attempt: 2 Max attempts: 5
[0m15:38:34.660313 [debug] [MainThread]: Making package index registry request: GET https://hub.getdbt.com/api/v1/index.json
[0m15:38:35.334083 [debug] [MainThread]: External call exception: HTTPSConnectionPool(host='hub.getdbt.com', port=443): Max retries exceeded with url: /api/v1/index.json (Caused by SSLError(SSLCertVerificationError(1, '[SSL: CERTIFICATE_VERIFY_FAILED] certificate verify failed: unable to get local issuer certificate (_ssl.c:1028)')))
[0m15:38:35.334801 [debug] [MainThread]: Retrying external call. Attempt: 3 Max attempts: 5
[0m15:38:36.335755 [debug] [MainThread]: Making package index registry request: GET https://hub.getdbt.com/api/v1/index.json
[0m15:38:37.030257 [debug] [MainThread]: External call exception: HTTPSConnectionPool(host='hub.getdbt.com', port=443): Max retries exceeded with url: /api/v1/index.json (Caused by SSLError(SSLCertVerificationError(1, '[SSL: CERTIFICATE_VERIFY_FAILED] certificate verify failed: unable to get local issuer certificate (_ssl.c:1028)')))
[0m15:38:37.031149 [debug] [MainThread]: Retrying external call. Attempt: 4 Max attempts: 5
[0m15:38:38.032199 [debug] [MainThread]: Making package index registry request: GET https://hub.getdbt.com/api/v1/index.json
[0m15:38:38.934039 [error] [MainThread]: [[31mERROR[0m]: Encountered an error:
External connection exception occurred: HTTPSConnectionPool(host='hub.getdbt.com', port=443): Max retries exceeded with url: /api/v1/index.json (Caused by SSLError(SSLCertVerificationError(1, '[SSL: CERTIFICATE_VERIFY_FAILED] certificate verify failed: unable to get local issuer certificate (_ssl.c:1028)')))
[0m15:38:39.025461 [error] [MainThread]: Traceback (most recent call last):
  File "C:\ANALYTICS_ENGINEERING_DBT\dbt-env\Lib\site-packages\urllib3\connectionpool.py", line 464, in _make_request
    self._validate_conn(conn)
    ~~~~~~~~~~~~~~~~~~~^^^^^^
  File "C:\ANALYTICS_ENGINEERING_DBT\dbt-env\Lib\site-packages\urllib3\connectionpool.py", line 1106, in _validate_conn
    conn.connect()
    ~~~~~~~~~~~~^^
  File "C:\ANALYTICS_ENGINEERING_DBT\dbt-env\Lib\site-packages\urllib3\connection.py", line 796, in connect
    sock_and_verified = _ssl_wrap_socket_and_match_hostname(
        sock=sock,
    ...<14 lines>...
        assert_fingerprint=self.assert_fingerprint,
    )
  File "C:\ANALYTICS_ENGINEERING_DBT\dbt-env\Lib\site-packages\urllib3\connection.py", line 975, in _ssl_wrap_socket_and_match_hostname
    ssl_sock = ssl_wrap_socket(
        sock=sock,
    ...<8 lines>...
        tls_in_tls=tls_in_tls,
    )
  File "C:\ANALYTICS_ENGINEERING_DBT\dbt-env\Lib\site-packages\urllib3\util\ssl_.py", line 433, in ssl_wrap_socket
    ssl_sock = _ssl_wrap_socket_impl(sock, context, tls_in_tls, server_hostname)
  File "C:\ANALYTICS_ENGINEERING_DBT\dbt-env\Lib\site-packages\urllib3\util\ssl_.py", line 477, in _ssl_wrap_socket_impl
    return ssl_context.wrap_socket(sock, server_hostname=server_hostname)
           ~~~~~~~~~~~~~~~~~~~~~~~^^^^^^^^^^^^^^^^^^^^^^^^^^^^^^^^^^^^^^^
  File "C:\Users\ykw8828\AppData\Local\Programs\Python\Python313\Lib\ssl.py", line 455, in wrap_socket
    return self.sslsocket_class._create(
           ~~~~~~~~~~~~~~~~~~~~~~~~~~~~^
        sock=sock,
        ^^^^^^^^^^
    ...<5 lines>...
        session=session
        ^^^^^^^^^^^^^^^
    )
    ^
  File "C:\Users\ykw8828\AppData\Local\Programs\Python\Python313\Lib\ssl.py", line 1076, in _create
    self.do_handshake()
    ~~~~~~~~~~~~~~~~~^^
  File "C:\Users\ykw8828\AppData\Local\Programs\Python\Python313\Lib\ssl.py", line 1372, in do_handshake
    self._sslobj.do_handshake()
    ~~~~~~~~~~~~~~~~~~~~~~~~~^^
ssl.SSLCertVerificationError: [SSL: CERTIFICATE_VERIFY_FAILED] certificate verify failed: unable to get local issuer certificate (_ssl.c:1028)

During handling of the above exception, another exception occurred:

Traceback (most recent call last):
  File "C:\ANALYTICS_ENGINEERING_DBT\dbt-env\Lib\site-packages\urllib3\connectionpool.py", line 788, in urlopen
    response = self._make_request(
        conn,
    ...<10 lines>...
        **response_kw,
    )
  File "C:\ANALYTICS_ENGINEERING_DBT\dbt-env\Lib\site-packages\urllib3\connectionpool.py", line 488, in _make_request
    raise new_e
urllib3.exceptions.SSLError: [SSL: CERTIFICATE_VERIFY_FAILED] certificate verify failed: unable to get local issuer certificate (_ssl.c:1028)

The above exception was the direct cause of the following exception:

Traceback (most recent call last):
  File "C:\ANALYTICS_ENGINEERING_DBT\dbt-env\Lib\site-packages\requests\adapters.py", line 645, in send
    resp = conn.urlopen(
        method=request.method,
    ...<9 lines>...
        chunked=chunked,
    )
  File "C:\ANALYTICS_ENGINEERING_DBT\dbt-env\Lib\site-packages\urllib3\connectionpool.py", line 842, in urlopen
    retries = retries.increment(
        method, url, error=new_e, _pool=self, _stacktrace=sys.exc_info()[2]
    )
  File "C:\ANALYTICS_ENGINEERING_DBT\dbt-env\Lib\site-packages\urllib3\util\retry.py", line 543, in increment
    raise MaxRetryError(_pool, url, reason) from reason  # type: ignore[arg-type]
    ^^^^^^^^^^^^^^^^^^^^^^^^^^^^^^^^^^^^^^^^^^^^^^^^^^^
urllib3.exceptions.MaxRetryError: HTTPSConnectionPool(host='hub.getdbt.com', port=443): Max retries exceeded with url: /api/v1/index.json (Caused by SSLError(SSLCertVerificationError(1, '[SSL: CERTIFICATE_VERIFY_FAILED] certificate verify failed: unable to get local issuer certificate (_ssl.c:1028)')))

During handling of the above exception, another exception occurred:

Traceback (most recent call last):
  File "C:\ANALYTICS_ENGINEERING_DBT\dbt-env\Lib\site-packages\dbt_common\utils\connection.py", line 22, in connection_exception_retry
    return fn()
  File "C:\ANALYTICS_ENGINEERING_DBT\dbt-env\Lib\site-packages\dbt\clients\registry.py", line 168, in _get_index
    resp = requests.get(url, timeout=30)
  File "C:\ANALYTICS_ENGINEERING_DBT\dbt-env\Lib\site-packages\requests\api.py", line 73, in get
    return request("get", url, params=params, **kwargs)
  File "C:\ANALYTICS_ENGINEERING_DBT\dbt-env\Lib\site-packages\requests\api.py", line 59, in request
    return session.request(method=method, url=url, **kwargs)
           ~~~~~~~~~~~~~~~^^^^^^^^^^^^^^^^^^^^^^^^^^^^^^^^^^
  File "C:\ANALYTICS_ENGINEERING_DBT\dbt-env\Lib\site-packages\requests\sessions.py", line 592, in request
    resp = self.send(prep, **send_kwargs)
  File "C:\ANALYTICS_ENGINEERING_DBT\dbt-env\Lib\site-packages\requests\sessions.py", line 706, in send
    r = adapter.send(request, **kwargs)
  File "C:\ANALYTICS_ENGINEERING_DBT\dbt-env\Lib\site-packages\requests\adapters.py", line 676, in send
    raise SSLError(e, request=request)
requests.exceptions.SSLError: HTTPSConnectionPool(host='hub.getdbt.com', port=443): Max retries exceeded with url: /api/v1/index.json (Caused by SSLError(SSLCertVerificationError(1, '[SSL: CERTIFICATE_VERIFY_FAILED] certificate verify failed: unable to get local issuer certificate (_ssl.c:1028)')))

During handling of the above exception, another exception occurred:

Traceback (most recent call last):
  File "C:\ANALYTICS_ENGINEERING_DBT\dbt-env\Lib\site-packages\urllib3\connectionpool.py", line 464, in _make_request
    self._validate_conn(conn)
    ~~~~~~~~~~~~~~~~~~~^^^^^^
  File "C:\ANALYTICS_ENGINEERING_DBT\dbt-env\Lib\site-packages\urllib3\connectionpool.py", line 1106, in _validate_conn
    conn.connect()
    ~~~~~~~~~~~~^^
  File "C:\ANALYTICS_ENGINEERING_DBT\dbt-env\Lib\site-packages\urllib3\connection.py", line 796, in connect
    sock_and_verified = _ssl_wrap_socket_and_match_hostname(
        sock=sock,
    ...<14 lines>...
        assert_fingerprint=self.assert_fingerprint,
    )
  File "C:\ANALYTICS_ENGINEERING_DBT\dbt-env\Lib\site-packages\urllib3\connection.py", line 975, in _ssl_wrap_socket_and_match_hostname
    ssl_sock = ssl_wrap_socket(
        sock=sock,
    ...<8 lines>...
        tls_in_tls=tls_in_tls,
    )
  File "C:\ANALYTICS_ENGINEERING_DBT\dbt-env\Lib\site-packages\urllib3\util\ssl_.py", line 433, in ssl_wrap_socket
    ssl_sock = _ssl_wrap_socket_impl(sock, context, tls_in_tls, server_hostname)
  File "C:\ANALYTICS_ENGINEERING_DBT\dbt-env\Lib\site-packages\urllib3\util\ssl_.py", line 477, in _ssl_wrap_socket_impl
    return ssl_context.wrap_socket(sock, server_hostname=server_hostname)
           ~~~~~~~~~~~~~~~~~~~~~~~^^^^^^^^^^^^^^^^^^^^^^^^^^^^^^^^^^^^^^^
  File "C:\Users\ykw8828\AppData\Local\Programs\Python\Python313\Lib\ssl.py", line 455, in wrap_socket
    return self.sslsocket_class._create(
           ~~~~~~~~~~~~~~~~~~~~~~~~~~~~^
        sock=sock,
        ^^^^^^^^^^
    ...<5 lines>...
        session=session
        ^^^^^^^^^^^^^^^
    )
    ^
  File "C:\Users\ykw8828\AppData\Local\Programs\Python\Python313\Lib\ssl.py", line 1076, in _create
    self.do_handshake()
    ~~~~~~~~~~~~~~~~~^^
  File "C:\Users\ykw8828\AppData\Local\Programs\Python\Python313\Lib\ssl.py", line 1372, in do_handshake
    self._sslobj.do_handshake()
    ~~~~~~~~~~~~~~~~~~~~~~~~~^^
ssl.SSLCertVerificationError: [SSL: CERTIFICATE_VERIFY_FAILED] certificate verify failed: unable to get local issuer certificate (_ssl.c:1028)

During handling of the above exception, another exception occurred:

Traceback (most recent call last):
  File "C:\ANALYTICS_ENGINEERING_DBT\dbt-env\Lib\site-packages\urllib3\connectionpool.py", line 788, in urlopen
    response = self._make_request(
        conn,
    ...<10 lines>...
        **response_kw,
    )
  File "C:\ANALYTICS_ENGINEERING_DBT\dbt-env\Lib\site-packages\urllib3\connectionpool.py", line 488, in _make_request
    raise new_e
urllib3.exceptions.SSLError: [SSL: CERTIFICATE_VERIFY_FAILED] certificate verify failed: unable to get local issuer certificate (_ssl.c:1028)

The above exception was the direct cause of the following exception:

Traceback (most recent call last):
  File "C:\ANALYTICS_ENGINEERING_DBT\dbt-env\Lib\site-packages\requests\adapters.py", line 645, in send
    resp = conn.urlopen(
        method=request.method,
    ...<9 lines>...
        chunked=chunked,
    )
  File "C:\ANALYTICS_ENGINEERING_DBT\dbt-env\Lib\site-packages\urllib3\connectionpool.py", line 842, in urlopen
    retries = retries.increment(
        method, url, error=new_e, _pool=self, _stacktrace=sys.exc_info()[2]
    )
  File "C:\ANALYTICS_ENGINEERING_DBT\dbt-env\Lib\site-packages\urllib3\util\retry.py", line 543, in increment
    raise MaxRetryError(_pool, url, reason) from reason  # type: ignore[arg-type]
    ^^^^^^^^^^^^^^^^^^^^^^^^^^^^^^^^^^^^^^^^^^^^^^^^^^^
urllib3.exceptions.MaxRetryError: HTTPSConnectionPool(host='hub.getdbt.com', port=443): Max retries exceeded with url: /api/v1/index.json (Caused by SSLError(SSLCertVerificationError(1, '[SSL: CERTIFICATE_VERIFY_FAILED] certificate verify failed: unable to get local issuer certificate (_ssl.c:1028)')))

During handling of the above exception, another exception occurred:

Traceback (most recent call last):
  File "C:\ANALYTICS_ENGINEERING_DBT\dbt-env\Lib\site-packages\dbt_common\utils\connection.py", line 22, in connection_exception_retry
    return fn()
  File "C:\ANALYTICS_ENGINEERING_DBT\dbt-env\Lib\site-packages\dbt\clients\registry.py", line 168, in _get_index
    resp = requests.get(url, timeout=30)
  File "C:\ANALYTICS_ENGINEERING_DBT\dbt-env\Lib\site-packages\requests\api.py", line 73, in get
    return request("get", url, params=params, **kwargs)
  File "C:\ANALYTICS_ENGINEERING_DBT\dbt-env\Lib\site-packages\requests\api.py", line 59, in request
    return session.request(method=method, url=url, **kwargs)
           ~~~~~~~~~~~~~~~^^^^^^^^^^^^^^^^^^^^^^^^^^^^^^^^^^
  File "C:\ANALYTICS_ENGINEERING_DBT\dbt-env\Lib\site-packages\requests\sessions.py", line 592, in request
    resp = self.send(prep, **send_kwargs)
  File "C:\ANALYTICS_ENGINEERING_DBT\dbt-env\Lib\site-packages\requests\sessions.py", line 706, in send
    r = adapter.send(request, **kwargs)
  File "C:\ANALYTICS_ENGINEERING_DBT\dbt-env\Lib\site-packages\requests\adapters.py", line 676, in send
    raise SSLError(e, request=request)
requests.exceptions.SSLError: HTTPSConnectionPool(host='hub.getdbt.com', port=443): Max retries exceeded with url: /api/v1/index.json (Caused by SSLError(SSLCertVerificationError(1, '[SSL: CERTIFICATE_VERIFY_FAILED] certificate verify failed: unable to get local issuer certificate (_ssl.c:1028)')))

During handling of the above exception, another exception occurred:

Traceback (most recent call last):
  File "C:\ANALYTICS_ENGINEERING_DBT\dbt-env\Lib\site-packages\urllib3\connectionpool.py", line 464, in _make_request
    self._validate_conn(conn)
    ~~~~~~~~~~~~~~~~~~~^^^^^^
  File "C:\ANALYTICS_ENGINEERING_DBT\dbt-env\Lib\site-packages\urllib3\connectionpool.py", line 1106, in _validate_conn
    conn.connect()
    ~~~~~~~~~~~~^^
  File "C:\ANALYTICS_ENGINEERING_DBT\dbt-env\Lib\site-packages\urllib3\connection.py", line 796, in connect
    sock_and_verified = _ssl_wrap_socket_and_match_hostname(
        sock=sock,
    ...<14 lines>...
        assert_fingerprint=self.assert_fingerprint,
    )
  File "C:\ANALYTICS_ENGINEERING_DBT\dbt-env\Lib\site-packages\urllib3\connection.py", line 975, in _ssl_wrap_socket_and_match_hostname
    ssl_sock = ssl_wrap_socket(
        sock=sock,
    ...<8 lines>...
        tls_in_tls=tls_in_tls,
    )
  File "C:\ANALYTICS_ENGINEERING_DBT\dbt-env\Lib\site-packages\urllib3\util\ssl_.py", line 433, in ssl_wrap_socket
    ssl_sock = _ssl_wrap_socket_impl(sock, context, tls_in_tls, server_hostname)
  File "C:\ANALYTICS_ENGINEERING_DBT\dbt-env\Lib\site-packages\urllib3\util\ssl_.py", line 477, in _ssl_wrap_socket_impl
    return ssl_context.wrap_socket(sock, server_hostname=server_hostname)
           ~~~~~~~~~~~~~~~~~~~~~~~^^^^^^^^^^^^^^^^^^^^^^^^^^^^^^^^^^^^^^^
  File "C:\Users\ykw8828\AppData\Local\Programs\Python\Python313\Lib\ssl.py", line 455, in wrap_socket
    return self.sslsocket_class._create(
           ~~~~~~~~~~~~~~~~~~~~~~~~~~~~^
        sock=sock,
        ^^^^^^^^^^
    ...<5 lines>...
        session=session
        ^^^^^^^^^^^^^^^
    )
    ^
  File "C:\Users\ykw8828\AppData\Local\Programs\Python\Python313\Lib\ssl.py", line 1076, in _create
    self.do_handshake()
    ~~~~~~~~~~~~~~~~~^^
  File "C:\Users\ykw8828\AppData\Local\Programs\Python\Python313\Lib\ssl.py", line 1372, in do_handshake
    self._sslobj.do_handshake()
    ~~~~~~~~~~~~~~~~~~~~~~~~~^^
ssl.SSLCertVerificationError: [SSL: CERTIFICATE_VERIFY_FAILED] certificate verify failed: unable to get local issuer certificate (_ssl.c:1028)

During handling of the above exception, another exception occurred:

Traceback (most recent call last):
  File "C:\ANALYTICS_ENGINEERING_DBT\dbt-env\Lib\site-packages\urllib3\connectionpool.py", line 788, in urlopen
    response = self._make_request(
        conn,
    ...<10 lines>...
        **response_kw,
    )
  File "C:\ANALYTICS_ENGINEERING_DBT\dbt-env\Lib\site-packages\urllib3\connectionpool.py", line 488, in _make_request
    raise new_e
urllib3.exceptions.SSLError: [SSL: CERTIFICATE_VERIFY_FAILED] certificate verify failed: unable to get local issuer certificate (_ssl.c:1028)

The above exception was the direct cause of the following exception:

Traceback (most recent call last):
  File "C:\ANALYTICS_ENGINEERING_DBT\dbt-env\Lib\site-packages\requests\adapters.py", line 645, in send
    resp = conn.urlopen(
        method=request.method,
    ...<9 lines>...
        chunked=chunked,
    )
  File "C:\ANALYTICS_ENGINEERING_DBT\dbt-env\Lib\site-packages\urllib3\connectionpool.py", line 842, in urlopen
    retries = retries.increment(
        method, url, error=new_e, _pool=self, _stacktrace=sys.exc_info()[2]
    )
  File "C:\ANALYTICS_ENGINEERING_DBT\dbt-env\Lib\site-packages\urllib3\util\retry.py", line 543, in increment
    raise MaxRetryError(_pool, url, reason) from reason  # type: ignore[arg-type]
    ^^^^^^^^^^^^^^^^^^^^^^^^^^^^^^^^^^^^^^^^^^^^^^^^^^^
urllib3.exceptions.MaxRetryError: HTTPSConnectionPool(host='hub.getdbt.com', port=443): Max retries exceeded with url: /api/v1/index.json (Caused by SSLError(SSLCertVerificationError(1, '[SSL: CERTIFICATE_VERIFY_FAILED] certificate verify failed: unable to get local issuer certificate (_ssl.c:1028)')))

During handling of the above exception, another exception occurred:

Traceback (most recent call last):
  File "C:\ANALYTICS_ENGINEERING_DBT\dbt-env\Lib\site-packages\dbt_common\utils\connection.py", line 22, in connection_exception_retry
    return fn()
  File "C:\ANALYTICS_ENGINEERING_DBT\dbt-env\Lib\site-packages\dbt\clients\registry.py", line 168, in _get_index
    resp = requests.get(url, timeout=30)
  File "C:\ANALYTICS_ENGINEERING_DBT\dbt-env\Lib\site-packages\requests\api.py", line 73, in get
    return request("get", url, params=params, **kwargs)
  File "C:\ANALYTICS_ENGINEERING_DBT\dbt-env\Lib\site-packages\requests\api.py", line 59, in request
    return session.request(method=method, url=url, **kwargs)
           ~~~~~~~~~~~~~~~^^^^^^^^^^^^^^^^^^^^^^^^^^^^^^^^^^
  File "C:\ANALYTICS_ENGINEERING_DBT\dbt-env\Lib\site-packages\requests\sessions.py", line 592, in request
    resp = self.send(prep, **send_kwargs)
  File "C:\ANALYTICS_ENGINEERING_DBT\dbt-env\Lib\site-packages\requests\sessions.py", line 706, in send
    r = adapter.send(request, **kwargs)
  File "C:\ANALYTICS_ENGINEERING_DBT\dbt-env\Lib\site-packages\requests\adapters.py", line 676, in send
    raise SSLError(e, request=request)
requests.exceptions.SSLError: HTTPSConnectionPool(host='hub.getdbt.com', port=443): Max retries exceeded with url: /api/v1/index.json (Caused by SSLError(SSLCertVerificationError(1, '[SSL: CERTIFICATE_VERIFY_FAILED] certificate verify failed: unable to get local issuer certificate (_ssl.c:1028)')))

During handling of the above exception, another exception occurred:

Traceback (most recent call last):
  File "C:\ANALYTICS_ENGINEERING_DBT\dbt-env\Lib\site-packages\urllib3\connectionpool.py", line 464, in _make_request
    self._validate_conn(conn)
    ~~~~~~~~~~~~~~~~~~~^^^^^^
  File "C:\ANALYTICS_ENGINEERING_DBT\dbt-env\Lib\site-packages\urllib3\connectionpool.py", line 1106, in _validate_conn
    conn.connect()
    ~~~~~~~~~~~~^^
  File "C:\ANALYTICS_ENGINEERING_DBT\dbt-env\Lib\site-packages\urllib3\connection.py", line 796, in connect
    sock_and_verified = _ssl_wrap_socket_and_match_hostname(
        sock=sock,
    ...<14 lines>...
        assert_fingerprint=self.assert_fingerprint,
    )
  File "C:\ANALYTICS_ENGINEERING_DBT\dbt-env\Lib\site-packages\urllib3\connection.py", line 975, in _ssl_wrap_socket_and_match_hostname
    ssl_sock = ssl_wrap_socket(
        sock=sock,
    ...<8 lines>...
        tls_in_tls=tls_in_tls,
    )
  File "C:\ANALYTICS_ENGINEERING_DBT\dbt-env\Lib\site-packages\urllib3\util\ssl_.py", line 433, in ssl_wrap_socket
    ssl_sock = _ssl_wrap_socket_impl(sock, context, tls_in_tls, server_hostname)
  File "C:\ANALYTICS_ENGINEERING_DBT\dbt-env\Lib\site-packages\urllib3\util\ssl_.py", line 477, in _ssl_wrap_socket_impl
    return ssl_context.wrap_socket(sock, server_hostname=server_hostname)
           ~~~~~~~~~~~~~~~~~~~~~~~^^^^^^^^^^^^^^^^^^^^^^^^^^^^^^^^^^^^^^^
  File "C:\Users\ykw8828\AppData\Local\Programs\Python\Python313\Lib\ssl.py", line 455, in wrap_socket
    return self.sslsocket_class._create(
           ~~~~~~~~~~~~~~~~~~~~~~~~~~~~^
        sock=sock,
        ^^^^^^^^^^
    ...<5 lines>...
        session=session
        ^^^^^^^^^^^^^^^
    )
    ^
  File "C:\Users\ykw8828\AppData\Local\Programs\Python\Python313\Lib\ssl.py", line 1076, in _create
    self.do_handshake()
    ~~~~~~~~~~~~~~~~~^^
  File "C:\Users\ykw8828\AppData\Local\Programs\Python\Python313\Lib\ssl.py", line 1372, in do_handshake
    self._sslobj.do_handshake()
    ~~~~~~~~~~~~~~~~~~~~~~~~~^^
ssl.SSLCertVerificationError: [SSL: CERTIFICATE_VERIFY_FAILED] certificate verify failed: unable to get local issuer certificate (_ssl.c:1028)

During handling of the above exception, another exception occurred:

Traceback (most recent call last):
  File "C:\ANALYTICS_ENGINEERING_DBT\dbt-env\Lib\site-packages\urllib3\connectionpool.py", line 788, in urlopen
    response = self._make_request(
        conn,
    ...<10 lines>...
        **response_kw,
    )
  File "C:\ANALYTICS_ENGINEERING_DBT\dbt-env\Lib\site-packages\urllib3\connectionpool.py", line 488, in _make_request
    raise new_e
urllib3.exceptions.SSLError: [SSL: CERTIFICATE_VERIFY_FAILED] certificate verify failed: unable to get local issuer certificate (_ssl.c:1028)

The above exception was the direct cause of the following exception:

Traceback (most recent call last):
  File "C:\ANALYTICS_ENGINEERING_DBT\dbt-env\Lib\site-packages\requests\adapters.py", line 645, in send
    resp = conn.urlopen(
        method=request.method,
    ...<9 lines>...
        chunked=chunked,
    )
  File "C:\ANALYTICS_ENGINEERING_DBT\dbt-env\Lib\site-packages\urllib3\connectionpool.py", line 842, in urlopen
    retries = retries.increment(
        method, url, error=new_e, _pool=self, _stacktrace=sys.exc_info()[2]
    )
  File "C:\ANALYTICS_ENGINEERING_DBT\dbt-env\Lib\site-packages\urllib3\util\retry.py", line 543, in increment
    raise MaxRetryError(_pool, url, reason) from reason  # type: ignore[arg-type]
    ^^^^^^^^^^^^^^^^^^^^^^^^^^^^^^^^^^^^^^^^^^^^^^^^^^^
urllib3.exceptions.MaxRetryError: HTTPSConnectionPool(host='hub.getdbt.com', port=443): Max retries exceeded with url: /api/v1/index.json (Caused by SSLError(SSLCertVerificationError(1, '[SSL: CERTIFICATE_VERIFY_FAILED] certificate verify failed: unable to get local issuer certificate (_ssl.c:1028)')))

During handling of the above exception, another exception occurred:

Traceback (most recent call last):
  File "C:\ANALYTICS_ENGINEERING_DBT\dbt-env\Lib\site-packages\dbt_common\utils\connection.py", line 22, in connection_exception_retry
    return fn()
  File "C:\ANALYTICS_ENGINEERING_DBT\dbt-env\Lib\site-packages\dbt\clients\registry.py", line 168, in _get_index
    resp = requests.get(url, timeout=30)
  File "C:\ANALYTICS_ENGINEERING_DBT\dbt-env\Lib\site-packages\requests\api.py", line 73, in get
    return request("get", url, params=params, **kwargs)
  File "C:\ANALYTICS_ENGINEERING_DBT\dbt-env\Lib\site-packages\requests\api.py", line 59, in request
    return session.request(method=method, url=url, **kwargs)
           ~~~~~~~~~~~~~~~^^^^^^^^^^^^^^^^^^^^^^^^^^^^^^^^^^
  File "C:\ANALYTICS_ENGINEERING_DBT\dbt-env\Lib\site-packages\requests\sessions.py", line 592, in request
    resp = self.send(prep, **send_kwargs)
  File "C:\ANALYTICS_ENGINEERING_DBT\dbt-env\Lib\site-packages\requests\sessions.py", line 706, in send
    r = adapter.send(request, **kwargs)
  File "C:\ANALYTICS_ENGINEERING_DBT\dbt-env\Lib\site-packages\requests\adapters.py", line 676, in send
    raise SSLError(e, request=request)
requests.exceptions.SSLError: HTTPSConnectionPool(host='hub.getdbt.com', port=443): Max retries exceeded with url: /api/v1/index.json (Caused by SSLError(SSLCertVerificationError(1, '[SSL: CERTIFICATE_VERIFY_FAILED] certificate verify failed: unable to get local issuer certificate (_ssl.c:1028)')))

During handling of the above exception, another exception occurred:

Traceback (most recent call last):
  File "C:\ANALYTICS_ENGINEERING_DBT\dbt-env\Lib\site-packages\urllib3\connectionpool.py", line 464, in _make_request
    self._validate_conn(conn)
    ~~~~~~~~~~~~~~~~~~~^^^^^^
  File "C:\ANALYTICS_ENGINEERING_DBT\dbt-env\Lib\site-packages\urllib3\connectionpool.py", line 1106, in _validate_conn
    conn.connect()
    ~~~~~~~~~~~~^^
  File "C:\ANALYTICS_ENGINEERING_DBT\dbt-env\Lib\site-packages\urllib3\connection.py", line 796, in connect
    sock_and_verified = _ssl_wrap_socket_and_match_hostname(
        sock=sock,
    ...<14 lines>...
        assert_fingerprint=self.assert_fingerprint,
    )
  File "C:\ANALYTICS_ENGINEERING_DBT\dbt-env\Lib\site-packages\urllib3\connection.py", line 975, in _ssl_wrap_socket_and_match_hostname
    ssl_sock = ssl_wrap_socket(
        sock=sock,
    ...<8 lines>...
        tls_in_tls=tls_in_tls,
    )
  File "C:\ANALYTICS_ENGINEERING_DBT\dbt-env\Lib\site-packages\urllib3\util\ssl_.py", line 433, in ssl_wrap_socket
    ssl_sock = _ssl_wrap_socket_impl(sock, context, tls_in_tls, server_hostname)
  File "C:\ANALYTICS_ENGINEERING_DBT\dbt-env\Lib\site-packages\urllib3\util\ssl_.py", line 477, in _ssl_wrap_socket_impl
    return ssl_context.wrap_socket(sock, server_hostname=server_hostname)
           ~~~~~~~~~~~~~~~~~~~~~~~^^^^^^^^^^^^^^^^^^^^^^^^^^^^^^^^^^^^^^^
  File "C:\Users\ykw8828\AppData\Local\Programs\Python\Python313\Lib\ssl.py", line 455, in wrap_socket
    return self.sslsocket_class._create(
           ~~~~~~~~~~~~~~~~~~~~~~~~~~~~^
        sock=sock,
        ^^^^^^^^^^
    ...<5 lines>...
        session=session
        ^^^^^^^^^^^^^^^
    )
    ^
  File "C:\Users\ykw8828\AppData\Local\Programs\Python\Python313\Lib\ssl.py", line 1076, in _create
    self.do_handshake()
    ~~~~~~~~~~~~~~~~~^^
  File "C:\Users\ykw8828\AppData\Local\Programs\Python\Python313\Lib\ssl.py", line 1372, in do_handshake
    self._sslobj.do_handshake()
    ~~~~~~~~~~~~~~~~~~~~~~~~~^^
ssl.SSLCertVerificationError: [SSL: CERTIFICATE_VERIFY_FAILED] certificate verify failed: unable to get local issuer certificate (_ssl.c:1028)

During handling of the above exception, another exception occurred:

Traceback (most recent call last):
  File "C:\ANALYTICS_ENGINEERING_DBT\dbt-env\Lib\site-packages\urllib3\connectionpool.py", line 788, in urlopen
    response = self._make_request(
        conn,
    ...<10 lines>...
        **response_kw,
    )
  File "C:\ANALYTICS_ENGINEERING_DBT\dbt-env\Lib\site-packages\urllib3\connectionpool.py", line 488, in _make_request
    raise new_e
urllib3.exceptions.SSLError: [SSL: CERTIFICATE_VERIFY_FAILED] certificate verify failed: unable to get local issuer certificate (_ssl.c:1028)

The above exception was the direct cause of the following exception:

Traceback (most recent call last):
  File "C:\ANALYTICS_ENGINEERING_DBT\dbt-env\Lib\site-packages\requests\adapters.py", line 645, in send
    resp = conn.urlopen(
        method=request.method,
    ...<9 lines>...
        chunked=chunked,
    )
  File "C:\ANALYTICS_ENGINEERING_DBT\dbt-env\Lib\site-packages\urllib3\connectionpool.py", line 842, in urlopen
    retries = retries.increment(
        method, url, error=new_e, _pool=self, _stacktrace=sys.exc_info()[2]
    )
  File "C:\ANALYTICS_ENGINEERING_DBT\dbt-env\Lib\site-packages\urllib3\util\retry.py", line 543, in increment
    raise MaxRetryError(_pool, url, reason) from reason  # type: ignore[arg-type]
    ^^^^^^^^^^^^^^^^^^^^^^^^^^^^^^^^^^^^^^^^^^^^^^^^^^^
urllib3.exceptions.MaxRetryError: HTTPSConnectionPool(host='hub.getdbt.com', port=443): Max retries exceeded with url: /api/v1/index.json (Caused by SSLError(SSLCertVerificationError(1, '[SSL: CERTIFICATE_VERIFY_FAILED] certificate verify failed: unable to get local issuer certificate (_ssl.c:1028)')))

During handling of the above exception, another exception occurred:

Traceback (most recent call last):
  File "C:\ANALYTICS_ENGINEERING_DBT\dbt-env\Lib\site-packages\dbt_common\utils\connection.py", line 22, in connection_exception_retry
    return fn()
  File "C:\ANALYTICS_ENGINEERING_DBT\dbt-env\Lib\site-packages\dbt\clients\registry.py", line 168, in _get_index
    resp = requests.get(url, timeout=30)
  File "C:\ANALYTICS_ENGINEERING_DBT\dbt-env\Lib\site-packages\requests\api.py", line 73, in get
    return request("get", url, params=params, **kwargs)
  File "C:\ANALYTICS_ENGINEERING_DBT\dbt-env\Lib\site-packages\requests\api.py", line 59, in request
    return session.request(method=method, url=url, **kwargs)
           ~~~~~~~~~~~~~~~^^^^^^^^^^^^^^^^^^^^^^^^^^^^^^^^^^
  File "C:\ANALYTICS_ENGINEERING_DBT\dbt-env\Lib\site-packages\requests\sessions.py", line 592, in request
    resp = self.send(prep, **send_kwargs)
  File "C:\ANALYTICS_ENGINEERING_DBT\dbt-env\Lib\site-packages\requests\sessions.py", line 706, in send
    r = adapter.send(request, **kwargs)
  File "C:\ANALYTICS_ENGINEERING_DBT\dbt-env\Lib\site-packages\requests\adapters.py", line 676, in send
    raise SSLError(e, request=request)
requests.exceptions.SSLError: HTTPSConnectionPool(host='hub.getdbt.com', port=443): Max retries exceeded with url: /api/v1/index.json (Caused by SSLError(SSLCertVerificationError(1, '[SSL: CERTIFICATE_VERIFY_FAILED] certificate verify failed: unable to get local issuer certificate (_ssl.c:1028)')))

During handling of the above exception, another exception occurred:

Traceback (most recent call last):
  File "C:\ANALYTICS_ENGINEERING_DBT\dbt-env\Lib\site-packages\urllib3\connectionpool.py", line 464, in _make_request
    self._validate_conn(conn)
    ~~~~~~~~~~~~~~~~~~~^^^^^^
  File "C:\ANALYTICS_ENGINEERING_DBT\dbt-env\Lib\site-packages\urllib3\connectionpool.py", line 1106, in _validate_conn
    conn.connect()
    ~~~~~~~~~~~~^^
  File "C:\ANALYTICS_ENGINEERING_DBT\dbt-env\Lib\site-packages\urllib3\connection.py", line 796, in connect
    sock_and_verified = _ssl_wrap_socket_and_match_hostname(
        sock=sock,
    ...<14 lines>...
        assert_fingerprint=self.assert_fingerprint,
    )
  File "C:\ANALYTICS_ENGINEERING_DBT\dbt-env\Lib\site-packages\urllib3\connection.py", line 975, in _ssl_wrap_socket_and_match_hostname
    ssl_sock = ssl_wrap_socket(
        sock=sock,
    ...<8 lines>...
        tls_in_tls=tls_in_tls,
    )
  File "C:\ANALYTICS_ENGINEERING_DBT\dbt-env\Lib\site-packages\urllib3\util\ssl_.py", line 433, in ssl_wrap_socket
    ssl_sock = _ssl_wrap_socket_impl(sock, context, tls_in_tls, server_hostname)
  File "C:\ANALYTICS_ENGINEERING_DBT\dbt-env\Lib\site-packages\urllib3\util\ssl_.py", line 477, in _ssl_wrap_socket_impl
    return ssl_context.wrap_socket(sock, server_hostname=server_hostname)
           ~~~~~~~~~~~~~~~~~~~~~~~^^^^^^^^^^^^^^^^^^^^^^^^^^^^^^^^^^^^^^^
  File "C:\Users\ykw8828\AppData\Local\Programs\Python\Python313\Lib\ssl.py", line 455, in wrap_socket
    return self.sslsocket_class._create(
           ~~~~~~~~~~~~~~~~~~~~~~~~~~~~^
        sock=sock,
        ^^^^^^^^^^
    ...<5 lines>...
        session=session
        ^^^^^^^^^^^^^^^
    )
    ^
  File "C:\Users\ykw8828\AppData\Local\Programs\Python\Python313\Lib\ssl.py", line 1076, in _create
    self.do_handshake()
    ~~~~~~~~~~~~~~~~~^^
  File "C:\Users\ykw8828\AppData\Local\Programs\Python\Python313\Lib\ssl.py", line 1372, in do_handshake
    self._sslobj.do_handshake()
    ~~~~~~~~~~~~~~~~~~~~~~~~~^^
ssl.SSLCertVerificationError: [SSL: CERTIFICATE_VERIFY_FAILED] certificate verify failed: unable to get local issuer certificate (_ssl.c:1028)

During handling of the above exception, another exception occurred:

Traceback (most recent call last):
  File "C:\ANALYTICS_ENGINEERING_DBT\dbt-env\Lib\site-packages\urllib3\connectionpool.py", line 788, in urlopen
    response = self._make_request(
        conn,
    ...<10 lines>...
        **response_kw,
    )
  File "C:\ANALYTICS_ENGINEERING_DBT\dbt-env\Lib\site-packages\urllib3\connectionpool.py", line 488, in _make_request
    raise new_e
urllib3.exceptions.SSLError: [SSL: CERTIFICATE_VERIFY_FAILED] certificate verify failed: unable to get local issuer certificate (_ssl.c:1028)

The above exception was the direct cause of the following exception:

Traceback (most recent call last):
  File "C:\ANALYTICS_ENGINEERING_DBT\dbt-env\Lib\site-packages\requests\adapters.py", line 645, in send
    resp = conn.urlopen(
        method=request.method,
    ...<9 lines>...
        chunked=chunked,
    )
  File "C:\ANALYTICS_ENGINEERING_DBT\dbt-env\Lib\site-packages\urllib3\connectionpool.py", line 842, in urlopen
    retries = retries.increment(
        method, url, error=new_e, _pool=self, _stacktrace=sys.exc_info()[2]
    )
  File "C:\ANALYTICS_ENGINEERING_DBT\dbt-env\Lib\site-packages\urllib3\util\retry.py", line 543, in increment
    raise MaxRetryError(_pool, url, reason) from reason  # type: ignore[arg-type]
    ^^^^^^^^^^^^^^^^^^^^^^^^^^^^^^^^^^^^^^^^^^^^^^^^^^^
urllib3.exceptions.MaxRetryError: HTTPSConnectionPool(host='hub.getdbt.com', port=443): Max retries exceeded with url: /api/v1/index.json (Caused by SSLError(SSLCertVerificationError(1, '[SSL: CERTIFICATE_VERIFY_FAILED] certificate verify failed: unable to get local issuer certificate (_ssl.c:1028)')))

During handling of the above exception, another exception occurred:

Traceback (most recent call last):
  File "C:\ANALYTICS_ENGINEERING_DBT\dbt-env\Lib\site-packages\dbt_common\utils\connection.py", line 22, in connection_exception_retry
    return fn()
  File "C:\ANALYTICS_ENGINEERING_DBT\dbt-env\Lib\site-packages\dbt\clients\registry.py", line 168, in _get_index
    resp = requests.get(url, timeout=30)
  File "C:\ANALYTICS_ENGINEERING_DBT\dbt-env\Lib\site-packages\requests\api.py", line 73, in get
    return request("get", url, params=params, **kwargs)
  File "C:\ANALYTICS_ENGINEERING_DBT\dbt-env\Lib\site-packages\requests\api.py", line 59, in request
    return session.request(method=method, url=url, **kwargs)
           ~~~~~~~~~~~~~~~^^^^^^^^^^^^^^^^^^^^^^^^^^^^^^^^^^
  File "C:\ANALYTICS_ENGINEERING_DBT\dbt-env\Lib\site-packages\requests\sessions.py", line 592, in request
    resp = self.send(prep, **send_kwargs)
  File "C:\ANALYTICS_ENGINEERING_DBT\dbt-env\Lib\site-packages\requests\sessions.py", line 706, in send
    r = adapter.send(request, **kwargs)
  File "C:\ANALYTICS_ENGINEERING_DBT\dbt-env\Lib\site-packages\requests\adapters.py", line 676, in send
    raise SSLError(e, request=request)
requests.exceptions.SSLError: HTTPSConnectionPool(host='hub.getdbt.com', port=443): Max retries exceeded with url: /api/v1/index.json (Caused by SSLError(SSLCertVerificationError(1, '[SSL: CERTIFICATE_VERIFY_FAILED] certificate verify failed: unable to get local issuer certificate (_ssl.c:1028)')))

During handling of the above exception, another exception occurred:

Traceback (most recent call last):
  File "C:\ANALYTICS_ENGINEERING_DBT\dbt-env\Lib\site-packages\dbt\cli\requires.py", line 190, in wrapper
    result, success = func(*args, **kwargs)
                      ~~~~^^^^^^^^^^^^^^^^^
  File "C:\ANALYTICS_ENGINEERING_DBT\dbt-env\Lib\site-packages\dbt\cli\requires.py", line 136, in wrapper
    return func(*args, **kwargs)
  File "C:\ANALYTICS_ENGINEERING_DBT\dbt-env\Lib\site-packages\dbt\cli\requires.py", line 269, in wrapper
    return func(*args, **kwargs)
  File "C:\ANALYTICS_ENGINEERING_DBT\dbt-env\Lib\site-packages\dbt\cli\requires.py", line 332, in wrapper
    return func(*args, **kwargs)
  File "C:\ANALYTICS_ENGINEERING_DBT\dbt-env\Lib\site-packages\dbt\cli\main.py", line 480, in deps
    results = task.run()
  File "C:\ANALYTICS_ENGINEERING_DBT\dbt-env\Lib\site-packages\dbt\task\deps.py", line 321, in run
    lock_defined_deps = resolve_lock_packages(packages_lock_config)
  File "C:\ANALYTICS_ENGINEERING_DBT\dbt-env\Lib\site-packages\dbt\deps\resolver.py", line 146, in resolve_lock_packages
    resolved = final.resolved()
  File "C:\ANALYTICS_ENGINEERING_DBT\dbt-env\Lib\site-packages\dbt\deps\resolver.py", line 94, in resolved
    return [p.resolved() for p in self.packages.values()]
            ~~~~~~~~~~^^
  File "C:\ANALYTICS_ENGINEERING_DBT\dbt-env\Lib\site-packages\dbt\deps\registry.py", line 98, in resolved
    self._check_in_index()
    ~~~~~~~~~~~~~~~~~~~~^^
  File "C:\ANALYTICS_ENGINEERING_DBT\dbt-env\Lib\site-packages\dbt\deps\registry.py", line 75, in _check_in_index
    index = registry.index_cached()
  File "C:\ANALYTICS_ENGINEERING_DBT\dbt-env\Lib\site-packages\dbt\utils\utils.py", line 127, in __call__
    value = self.func(*args)
  File "C:\ANALYTICS_ENGINEERING_DBT\dbt-env\Lib\site-packages\dbt\clients\registry.py", line 189, in index
    return connection_exception_retry(get_index_fn, 5)
  File "C:\ANALYTICS_ENGINEERING_DBT\dbt-env\Lib\site-packages\dbt_common\utils\connection.py", line 36, in connection_exception_retry
    return connection_exception_retry(fn, max_attempts, attempt + 1)
  File "C:\ANALYTICS_ENGINEERING_DBT\dbt-env\Lib\site-packages\dbt_common\utils\connection.py", line 36, in connection_exception_retry
    return connection_exception_retry(fn, max_attempts, attempt + 1)
  File "C:\ANALYTICS_ENGINEERING_DBT\dbt-env\Lib\site-packages\dbt_common\utils\connection.py", line 36, in connection_exception_retry
    return connection_exception_retry(fn, max_attempts, attempt + 1)
  [Previous line repeated 2 more times]
  File "C:\ANALYTICS_ENGINEERING_DBT\dbt-env\Lib\site-packages\dbt_common\utils\connection.py", line 38, in connection_exception_retry
    raise ConnectionError("External connection exception occurred: " + str(exc))
dbt_common.exceptions.connection.ConnectionError: External connection exception occurred: HTTPSConnectionPool(host='hub.getdbt.com', port=443): Max retries exceeded with url: /api/v1/index.json (Caused by SSLError(SSLCertVerificationError(1, '[SSL: CERTIFICATE_VERIFY_FAILED] certificate verify failed: unable to get local issuer certificate (_ssl.c:1028)')))

[0m15:38:39.031217 [debug] [MainThread]: Command `dbt deps` failed at 15:38:39.030872 after 10.39 seconds
[0m15:38:39.031959 [debug] [MainThread]: Sending event: {'category': 'dbt', 'action': 'invocation', 'label': 'end', 'context': [<snowplow_tracker.self_describing_json.SelfDescribingJson object at 0x000001CBBA12E8B0>, <snowplow_tracker.self_describing_json.SelfDescribingJson object at 0x000001CBBA12E9C0>, <snowplow_tracker.self_describing_json.SelfDescribingJson object at 0x000001CBBA142D50>]}
[0m15:38:39.032621 [debug] [MainThread]: Flushing usage events
[0m15:38:40.006871 [debug] [MainThread]: An error was encountered while trying to flush usage events
[0m15:39:03.119548 [debug] [MainThread]: Sending event: {'category': 'dbt', 'action': 'invocation', 'label': 'start', 'context': [<snowplow_tracker.self_describing_json.SelfDescribingJson object at 0x000002BA7663E510>, <snowplow_tracker.self_describing_json.SelfDescribingJson object at 0x000002BA723851D0>, <snowplow_tracker.self_describing_json.SelfDescribingJson object at 0x000002BA78BDFB10>]}


============================== 15:39:03.124412 | 6e5977b5-4a99-4e81-9290-83d131815a47 ==============================
[0m15:39:03.124412 [info ] [MainThread]: Running with dbt=1.12.0
[0m15:39:03.125714 [debug] [MainThread]: running dbt with arguments {'static_parser': 'True', 'no_print': 'None', 'maximum_seed_size_mib': '1', 'warn_error_options': 'WarnErrorOptionsV2(error=[], warn=[], silence=[])', 'target_path': 'None', 'version_check': 'True', 'printer_width': '80', 'write_json': 'True', 'empty': 'None', 'log_cache_events': 'False', 'introspect': 'True', 'cache_selected_only': 'False', 'fail_fast': 'False', 'debug': 'False', 'log_format': 'default', 'profiles_dir': 'C:\\analytics_engineering_dbt\\orcid_role_identifier', 'send_anonymous_usage_stats': 'True', 'quiet': 'False', 'warn_error': 'None', 'partial_parse': 'True', 'indirect_selection': 'eager', 'hints_enabled': 'True', 'use_colors': 'True', 'use_experimental_parser': 'False', 'invocation_command': 'dbt deps', 'log_path': 'C:\\analytics_engineering_dbt\\orcid_role_identifier\\logs'}
[0m15:39:03.384309 [debug] [MainThread]: Sending event: {'category': 'dbt', 'action': 'project_id', 'label': '6e5977b5-4a99-4e81-9290-83d131815a47', 'context': [<snowplow_tracker.self_describing_json.SelfDescribingJson object at 0x000002BA76B9CC30>]}
[0m15:39:03.420411 [debug] [MainThread]: Set downloads directory='C:\Users\ykw8828\AppData\Local\Temp\dbt-downloads-nf834dc0'
[0m15:39:03.421028 [debug] [MainThread]: Making package index registry request: GET https://hub.getdbt.com/api/v1/index.json
[0m15:39:04.040089 [debug] [MainThread]: Response from registry index: GET https://hub.getdbt.com/api/v1/index.json 200
[0m15:39:04.042539 [debug] [MainThread]: Making package registry request: GET https://hub.getdbt.com/api/v1/dbt-labs/dbt_utils.json
[0m15:39:04.547609 [debug] [MainThread]: Response from registry: GET https://hub.getdbt.com/api/v1/dbt-labs/dbt_utils.json 200
[0m15:39:04.564657 [info ] [MainThread]: Installing dbt-labs/dbt_utils
[0m15:39:05.659687 [info ] [MainThread]: Installed from version 1.4.1
[0m15:39:05.660461 [info ] [MainThread]: Up to date!
[0m15:39:05.661073 [debug] [MainThread]: Sending event: {'category': 'dbt', 'action': 'package', 'label': '6e5977b5-4a99-4e81-9290-83d131815a47', 'property_': 'install', 'context': [<snowplow_tracker.self_describing_json.SelfDescribingJson object at 0x000002BA78C23570>, <snowplow_tracker.self_describing_json.SelfDescribingJson object at 0x000002BA78C229C0>]}
[0m15:39:05.663141 [debug] [MainThread]: Command `dbt deps` succeeded at 15:39:05.662986 after 2.79 seconds
[0m15:39:05.663525 [debug] [MainThread]: Sending event: {'category': 'dbt', 'action': 'invocation', 'label': 'end', 'context': [<snowplow_tracker.self_describing_json.SelfDescribingJson object at 0x000002BA78C71450>, <snowplow_tracker.self_describing_json.SelfDescribingJson object at 0x000002BA75E68230>, <snowplow_tracker.self_describing_json.SelfDescribingJson object at 0x000002BA766EE8A0>]}
[0m15:39:05.663874 [debug] [MainThread]: Flushing usage events
[0m15:39:06.692045 [debug] [MainThread]: An error was encountered while trying to flush usage events
[0m15:39:23.175229 [debug] [MainThread]: Sending event: {'category': 'dbt', 'action': 'invocation', 'label': 'start', 'context': [<snowplow_tracker.self_describing_json.SelfDescribingJson object at 0x000002169446E510>, <snowplow_tracker.self_describing_json.SelfDescribingJson object at 0x0000021696A77ED0>, <snowplow_tracker.self_describing_json.SelfDescribingJson object at 0x0000021696A77B10>]}


============================== 15:39:23.180034 | 9f9d3596-b459-4ba9-a530-8e16153690e1 ==============================
[0m15:39:23.180034 [info ] [MainThread]: Running with dbt=1.12.0
[0m15:39:23.180746 [debug] [MainThread]: running dbt with arguments {'maximum_seed_size_mib': '1', 'no_print': 'None', 'static_parser': 'True', 'warn_error_options': 'WarnErrorOptionsV2(error=[], warn=[], silence=[])', 'version_check': 'True', 'target_path': 'None', 'printer_width': '80', 'write_json': 'True', 'empty': 'False', 'log_cache_events': 'False', 'introspect': 'True', 'cache_selected_only': 'False', 'log_format': 'default', 'debug': 'False', 'fail_fast': 'False', 'profiles_dir': 'C:\\analytics_engineering_dbt\\orcid_role_identifier', 'send_anonymous_usage_stats': 'True', 'quiet': 'False', 'warn_error': 'None', 'partial_parse': 'True', 'use_colors': 'True', 'hints_enabled': 'True', 'invocation_command': 'dbt seed', 'use_experimental_parser': 'False', 'indirect_selection': 'eager', 'log_path': 'C:\\analytics_engineering_dbt\\orcid_role_identifier\\logs'}
[0m15:39:27.329073 [debug] [MainThread]: Sending event: {'category': 'dbt', 'action': 'project_id', 'label': '9f9d3596-b459-4ba9-a530-8e16153690e1', 'context': [<snowplow_tracker.self_describing_json.SelfDescribingJson object at 0x00000216949CCC30>]}
[0m15:39:27.434022 [debug] [MainThread]: Sending event: {'category': 'dbt', 'action': 'adapter_info', 'label': '9f9d3596-b459-4ba9-a530-8e16153690e1', 'context': [<snowplow_tracker.self_describing_json.SelfDescribingJson object at 0x00000216B51746B0>]}
[0m15:39:27.436060 [info ] [MainThread]: Registered adapter: bigquery=1.12.0
[0m15:39:27.983053 [debug] [MainThread]: checksum: 06d061997f46e5ca1259b0fae4fe9e9dedb1949b16edb4376a9dd3cef0739338, vars: {}, profile: orcid_role_identifier, target: dev, version: 1.12.0
[0m15:39:27.984367 [info ] [MainThread]: Unable to do partial parsing because saved manifest not found. Starting full parse.
[0m15:39:27.985387 [debug] [MainThread]: Sending event: {'category': 'dbt', 'action': 'partial_parser', 'label': '9f9d3596-b459-4ba9-a530-8e16153690e1', 'context': [<snowplow_tracker.self_describing_json.SelfDescribingJson object at 0x00000216B414CB50>]}
[0m15:39:29.561443 [error] [MainThread]: [[31mERROR[0m]: Encountered an error:
Compilation Error in model dim_researcher_role_flags (models\presentation\dim_researcher_role_flags.sql)
  'None' has no attribute 'items'
  
  > in macro role_flag_columns (macros\scoring.sql)
  > called by model dim_researcher_role_flags (models\presentation\dim_researcher_role_flags.sql)
[0m15:39:29.563070 [debug] [MainThread]: Command `dbt seed` failed at 15:39:29.562940 after 6.66 seconds
[0m15:39:29.563422 [debug] [MainThread]: Sending event: {'category': 'dbt', 'action': 'invocation', 'label': 'end', 'context': [<snowplow_tracker.self_describing_json.SelfDescribingJson object at 0x00000216B5123A70>, <snowplow_tracker.self_describing_json.SelfDescribingJson object at 0x00000216B51208C0>, <snowplow_tracker.self_describing_json.SelfDescribingJson object at 0x00000216969E7E70>]}
[0m15:39:29.563727 [debug] [MainThread]: Flushing usage events
[0m15:39:30.667893 [debug] [MainThread]: An error was encountered while trying to flush usage events
[0m15:46:49.130009 [debug] [MainThread]: Sending event: {'category': 'dbt', 'action': 'invocation', 'label': 'start', 'context': [<snowplow_tracker.self_describing_json.SelfDescribingJson object at 0x000002574471EF90>, <snowplow_tracker.self_describing_json.SelfDescribingJson object at 0x0000025746EEBD90>, <snowplow_tracker.self_describing_json.SelfDescribingJson object at 0x0000025746EEB610>]}


============================== 15:46:49.141131 | 8fd3d918-2dab-4ce2-842a-e82bc45170c9 ==============================
[0m15:46:49.141131 [info ] [MainThread]: Running with dbt=1.12.0
[0m15:46:49.142620 [debug] [MainThread]: running dbt with arguments {'static_parser': 'True', 'no_print': 'None', 'maximum_seed_size_mib': '1', 'target_path': 'None', 'warn_error_options': 'WarnErrorOptionsV2(error=[], warn=[], silence=[])', 'version_check': 'True', 'printer_width': '80', 'write_json': 'True', 'introspect': 'True', 'log_cache_events': 'False', 'empty': 'None', 'cache_selected_only': 'False', 'fail_fast': 'False', 'debug': 'False', 'log_format': 'default', 'profiles_dir': 'C:\\analytics_engineering_dbt\\orcid_role_identifier', 'send_anonymous_usage_stats': 'True', 'quiet': 'False', 'warn_error': 'None', 'partial_parse': 'True', 'invocation_command': 'dbt parse', 'hints_enabled': 'True', 'use_colors': 'True', 'use_experimental_parser': 'False', 'indirect_selection': 'eager', 'log_path': 'C:\\analytics_engineering_dbt\\orcid_role_identifier\\logs'}
[0m15:46:52.682827 [debug] [MainThread]: Sending event: {'category': 'dbt', 'action': 'project_id', 'label': '8fd3d918-2dab-4ce2-842a-e82bc45170c9', 'context': [<snowplow_tracker.self_describing_json.SelfDescribingJson object at 0x0000025744EB43E0>]}
[0m15:46:52.799783 [debug] [MainThread]: Sending event: {'category': 'dbt', 'action': 'adapter_info', 'label': '8fd3d918-2dab-4ce2-842a-e82bc45170c9', 'context': [<snowplow_tracker.self_describing_json.SelfDescribingJson object at 0x00000257643B86B0>]}
[0m15:46:52.801383 [info ] [MainThread]: Registered adapter: bigquery=1.12.0
[0m15:46:53.296255 [debug] [MainThread]: checksum: 06d061997f46e5ca1259b0fae4fe9e9dedb1949b16edb4376a9dd3cef0739338, vars: {}, profile: orcid_role_identifier, target: dev, version: 1.12.0
[0m15:46:53.298222 [info ] [MainThread]: Unable to do partial parsing because saved manifest not found. Starting full parse.
[0m15:46:53.298942 [debug] [MainThread]: Sending event: {'category': 'dbt', 'action': 'partial_parser', 'label': '8fd3d918-2dab-4ce2-842a-e82bc45170c9', 'context': [<snowplow_tracker.self_describing_json.SelfDescribingJson object at 0x00000257647D0450>]}
[0m15:46:55.269398 [error] [MainThread]: [[31mERROR[0m]: Encountered an error:
Compilation Error in model dim_researcher_role_flags (models\presentation\dim_researcher_role_flags.sql)
  'None' has no attribute 'items'
  
  > in macro role_flag_columns (macros\scoring.sql)
  > called by model dim_researcher_role_flags (models\presentation\dim_researcher_role_flags.sql)
[0m15:46:55.271080 [debug] [MainThread]: Command `dbt parse` failed at 15:46:55.270909 after 6.54 seconds
[0m15:46:55.271524 [debug] [MainThread]: Sending event: {'category': 'dbt', 'action': 'invocation', 'label': 'end', 'context': [<snowplow_tracker.self_describing_json.SelfDescribingJson object at 0x00000257658BC9B0>, <snowplow_tracker.self_describing_json.SelfDescribingJson object at 0x00000257658BCD70>, <snowplow_tracker.self_describing_json.SelfDescribingJson object at 0x0000025746EC7E70>]}
[0m15:46:55.271874 [debug] [MainThread]: Flushing usage events
[0m15:46:55.978725 [debug] [MainThread]: An error was encountered while trying to flush usage events
[0m15:50:03.179124 [debug] [MainThread]: Sending event: {'category': 'dbt', 'action': 'invocation', 'label': 'start', 'context': [<snowplow_tracker.self_describing_json.SelfDescribingJson object at 0x00000213AF272F90>, <snowplow_tracker.self_describing_json.SelfDescribingJson object at 0x00000213B1A37D90>, <snowplow_tracker.self_describing_json.SelfDescribingJson object at 0x00000213B1A37610>]}


============================== 15:50:03.184332 | 9bb53d1b-9a43-4f44-96c0-151ce053cea2 ==============================
[0m15:50:03.184332 [info ] [MainThread]: Running with dbt=1.12.0
[0m15:50:03.185486 [debug] [MainThread]: running dbt with arguments {'version_check': 'True', 'no_print': 'None', 'maximum_seed_size_mib': '1', 'warn_error_options': 'WarnErrorOptionsV2(error=[], warn=[], silence=[])', 'target_path': 'None', 'static_parser': 'True', 'printer_width': '80', 'write_json': 'True', 'empty': 'None', 'log_cache_events': 'False', 'introspect': 'True', 'cache_selected_only': 'False', 'log_format': 'default', 'debug': 'False', 'fail_fast': 'False', 'partial_parse': 'True', 'send_anonymous_usage_stats': 'True', 'quiet': 'False', 'warn_error': 'None', 'profiles_dir': 'C:\\analytics_engineering_dbt\\orcid_role_identifier', 'invocation_command': 'dbt parse', 'hints_enabled': 'True', 'indirect_selection': 'eager', 'use_experimental_parser': 'False', 'use_colors': 'True', 'log_path': 'C:\\analytics_engineering_dbt\\orcid_role_identifier\\logs'}
[0m15:50:04.485214 [debug] [MainThread]: Sending event: {'category': 'dbt', 'action': 'project_id', 'label': '9bb53d1b-9a43-4f44-96c0-151ce053cea2', 'context': [<snowplow_tracker.self_describing_json.SelfDescribingJson object at 0x00000213AF9F43E0>]}
[0m15:50:04.581326 [debug] [MainThread]: Sending event: {'category': 'dbt', 'action': 'adapter_info', 'label': '9bb53d1b-9a43-4f44-96c0-151ce053cea2', 'context': [<snowplow_tracker.self_describing_json.SelfDescribingJson object at 0x00000213CEF106B0>]}
[0m15:50:04.582233 [info ] [MainThread]: Registered adapter: bigquery=1.12.0
[0m15:50:05.000618 [debug] [MainThread]: checksum: 06d061997f46e5ca1259b0fae4fe9e9dedb1949b16edb4376a9dd3cef0739338, vars: {}, profile: orcid_role_identifier, target: dev, version: 1.12.0
[0m15:50:05.001741 [info ] [MainThread]: Unable to do partial parsing because saved manifest not found. Starting full parse.
[0m15:50:05.002296 [debug] [MainThread]: Sending event: {'category': 'dbt', 'action': 'partial_parser', 'label': '9bb53d1b-9a43-4f44-96c0-151ce053cea2', 'context': [<snowplow_tracker.self_describing_json.SelfDescribingJson object at 0x00000213CF32C550>]}
[0m15:50:07.659916 [warn ] [MainThread]: [[33mWARNING[0m][MissingArgumentsPropertyInGenericTestDeprecation]: Deprecated
functionality
Found top-level arguments to test `accepted_values` defined on
'org_name_patterns' in package 'orcid_role_identifier' (seeds\_seeds.yml).
Arguments to generic tests should be nested under the `arguments` property.
[0m15:50:07.660790 [debug] [MainThread]: Sending event: {'category': 'dbt', 'action': 'deprecation', 'label': '9bb53d1b-9a43-4f44-96c0-151ce053cea2', 'property_': 'warn', 'context': [<snowplow_tracker.self_describing_json.SelfDescribingJson object at 0x00000213CF4EEE40>]}
[0m15:50:08.632698 [debug] [MainThread]: Sending event: {'category': 'dbt', 'action': 'load_project', 'label': '9bb53d1b-9a43-4f44-96c0-151ce053cea2', 'context': [<snowplow_tracker.self_describing_json.SelfDescribingJson object at 0x00000213D0902A50>]}
[0m15:50:08.638821 [info ] [MainThread]: Performance info: C:\analytics_engineering_dbt\orcid_role_identifier\target\perf_info.json
[0m15:50:08.829865 [debug] [MainThread]: Wrote artifact WritableManifest to C:\analytics_engineering_dbt\orcid_role_identifier\target\manifest.json
[0m15:50:08.846571 [debug] [MainThread]: Wrote artifact SemanticManifest to C:\analytics_engineering_dbt\orcid_role_identifier\target\semantic_manifest.json
[0m15:50:08.895128 [debug] [MainThread]: Wrote artifact OsiDocument to C:\analytics_engineering_dbt\orcid_role_identifier\target\osi_document.json
[0m15:50:08.895719 [warn ] [MainThread]: [[33mWARNING[0m][DeprecationsSummary]: Deprecated functionality
Summary of encountered deprecations:
- MissingArgumentsPropertyInGenericTestDeprecation: 12 occurrences
To see all deprecation instances instead of just the first occurrence of each,
run command again with the `--show-all-deprecations` flag. You may also need to
run with `--no-partial-parse` as some deprecations are only encountered during
parsing.
[0m15:50:08.896763 [debug] [MainThread]: Command `dbt parse` succeeded at 15:50:08.896627 after 6.01 seconds
[0m15:50:08.897225 [debug] [MainThread]: Sending event: {'category': 'dbt', 'action': 'invocation', 'label': 'end', 'context': [<snowplow_tracker.self_describing_json.SelfDescribingJson object at 0x00000213D0CAE9C0>, <snowplow_tracker.self_describing_json.SelfDescribingJson object at 0x00000213B1752B10>, <snowplow_tracker.self_describing_json.SelfDescribingJson object at 0x00000213D0BC74D0>]}
[0m15:50:08.897545 [debug] [MainThread]: Flushing usage events
[0m15:50:09.378475 [debug] [MainThread]: An error was encountered while trying to flush usage events
[0m15:50:54.033598 [debug] [MainThread]: Sending event: {'category': 'dbt', 'action': 'invocation', 'label': 'start', 'context': [<snowplow_tracker.self_describing_json.SelfDescribingJson object at 0x000001A04467E510>, <snowplow_tracker.self_describing_json.SelfDescribingJson object at 0x000001A0404051D0>, <snowplow_tracker.self_describing_json.SelfDescribingJson object at 0x000001A046C1BB10>]}


============================== 15:50:54.043539 | 583e7452-b13e-4255-96b7-d0e549801c9e ==============================
[0m15:50:54.043539 [info ] [MainThread]: Running with dbt=1.12.0
[0m15:50:54.044998 [debug] [MainThread]: running dbt with arguments {'maximum_seed_size_mib': '1', 'no_print': 'None', 'static_parser': 'True', 'target_path': 'None', 'version_check': 'True', 'warn_error_options': 'WarnErrorOptionsV2(error=[], warn=[], silence=[])', 'printer_width': '80', 'write_json': 'True', 'empty': 'None', 'log_cache_events': 'False', 'introspect': 'True', 'cache_selected_only': 'False', 'log_format': 'default', 'debug': 'False', 'fail_fast': 'False', 'partial_parse': 'True', 'send_anonymous_usage_stats': 'True', 'quiet': 'False', 'warn_error': 'None', 'profiles_dir': 'C:\\analytics_engineering_dbt\\orcid_role_identifier', 'indirect_selection': 'eager', 'hints_enabled': 'True', 'use_colors': 'True', 'use_experimental_parser': 'False', 'invocation_command': 'dbt parse', 'log_path': 'C:\\analytics_engineering_dbt\\orcid_role_identifier\\logs'}
[0m15:50:57.737199 [debug] [MainThread]: Sending event: {'category': 'dbt', 'action': 'project_id', 'label': '583e7452-b13e-4255-96b7-d0e549801c9e', 'context': [<snowplow_tracker.self_describing_json.SelfDescribingJson object at 0x000001A044BE0C30>]}
[0m15:50:57.840191 [debug] [MainThread]: Sending event: {'category': 'dbt', 'action': 'adapter_info', 'label': '583e7452-b13e-4255-96b7-d0e549801c9e', 'context': [<snowplow_tracker.self_describing_json.SelfDescribingJson object at 0x000001A0642E69C0>]}
[0m15:50:57.841157 [info ] [MainThread]: Registered adapter: bigquery=1.12.0
[0m15:50:58.493286 [debug] [MainThread]: checksum: 06d061997f46e5ca1259b0fae4fe9e9dedb1949b16edb4376a9dd3cef0739338, vars: {}, profile: orcid_role_identifier, target: dev, version: 1.12.0
[0m15:50:58.908171 [debug] [MainThread]: Partial parsing enabled: 0 files deleted, 0 files added, 0 files changed.
[0m15:50:58.908577 [debug] [MainThread]: Nothing changed, skipping partial parsing.
[0m15:50:58.908803 [debug] [MainThread]: Partial parsing enabled, no changes found, skipping parsing
[0m15:50:58.919763 [debug] [MainThread]: Sending event: {'category': 'dbt', 'action': 'load_project', 'label': '583e7452-b13e-4255-96b7-d0e549801c9e', 'context': [<snowplow_tracker.self_describing_json.SelfDescribingJson object at 0x000001A065BFE950>]}
[0m15:50:58.925537 [info ] [MainThread]: Performance info: C:\analytics_engineering_dbt\orcid_role_identifier\target\perf_info.json
[0m15:50:59.238303 [debug] [MainThread]: Wrote artifact WritableManifest to C:\analytics_engineering_dbt\orcid_role_identifier\target\manifest.json
[0m15:50:59.241910 [debug] [MainThread]: Wrote artifact SemanticManifest to C:\analytics_engineering_dbt\orcid_role_identifier\target\semantic_manifest.json
[0m15:50:59.292048 [debug] [MainThread]: Wrote artifact OsiDocument to C:\analytics_engineering_dbt\orcid_role_identifier\target\osi_document.json
[0m15:50:59.293174 [debug] [MainThread]: Command `dbt parse` succeeded at 15:50:59.293051 after 5.60 seconds
[0m15:50:59.293599 [debug] [MainThread]: Sending event: {'category': 'dbt', 'action': 'invocation', 'label': 'end', 'context': [<snowplow_tracker.self_describing_json.SelfDescribingJson object at 0x000001A065770050>, <snowplow_tracker.self_describing_json.SelfDescribingJson object at 0x000001A065A2C140>, <snowplow_tracker.self_describing_json.SelfDescribingJson object at 0x000001A046BF3E70>]}
[0m15:50:59.293954 [debug] [MainThread]: Flushing usage events
[0m15:51:00.506163 [debug] [MainThread]: An error was encountered while trying to flush usage events
[0m15:51:24.379275 [debug] [MainThread]: Sending event: {'category': 'dbt', 'action': 'invocation', 'label': 'start', 'context': [<snowplow_tracker.self_describing_json.SelfDescribingJson object at 0x00000143EA78E510>, <snowplow_tracker.self_describing_json.SelfDescribingJson object at 0x00000143ECDA7ED0>, <snowplow_tracker.self_describing_json.SelfDescribingJson object at 0x00000143ECDA7B10>]}


============================== 15:51:24.384210 | 75d9b30e-0785-4794-b9ce-e6f30988ca45 ==============================
[0m15:51:24.384210 [info ] [MainThread]: Running with dbt=1.12.0
[0m15:51:24.385164 [debug] [MainThread]: running dbt with arguments {'version_check': 'True', 'no_print': 'None', 'static_parser': 'True', 'target_path': 'None', 'maximum_seed_size_mib': '1', 'warn_error_options': 'WarnErrorOptionsV2(error=[], warn=[], silence=[])', 'printer_width': '80', 'write_json': 'True', 'introspect': 'True', 'log_cache_events': 'False', 'empty': 'False', 'cache_selected_only': 'False', 'fail_fast': 'False', 'debug': 'False', 'log_format': 'default', 'profiles_dir': 'C:\\analytics_engineering_dbt\\orcid_role_identifier', 'send_anonymous_usage_stats': 'True', 'quiet': 'False', 'warn_error': 'None', 'partial_parse': 'True', 'indirect_selection': 'eager', 'hints_enabled': 'True', 'use_colors': 'True', 'use_experimental_parser': 'False', 'invocation_command': 'dbt seed', 'log_path': 'C:\\analytics_engineering_dbt\\orcid_role_identifier\\logs'}
[0m15:51:26.997760 [debug] [MainThread]: Sending event: {'category': 'dbt', 'action': 'project_id', 'label': '75d9b30e-0785-4794-b9ce-e6f30988ca45', 'context': [<snowplow_tracker.self_describing_json.SelfDescribingJson object at 0x00000143EACECC30>]}
[0m15:51:27.130595 [debug] [MainThread]: Sending event: {'category': 'dbt', 'action': 'adapter_info', 'label': '75d9b30e-0785-4794-b9ce-e6f30988ca45', 'context': [<snowplow_tracker.self_describing_json.SelfDescribingJson object at 0x000001438B4F86B0>]}
[0m15:51:27.131870 [info ] [MainThread]: Registered adapter: bigquery=1.12.0
[0m15:51:27.701015 [debug] [MainThread]: checksum: 06d061997f46e5ca1259b0fae4fe9e9dedb1949b16edb4376a9dd3cef0739338, vars: {}, profile: orcid_role_identifier, target: dev, version: 1.12.0
[0m15:51:28.051893 [debug] [MainThread]: Partial parsing enabled: 0 files deleted, 0 files added, 0 files changed.
[0m15:51:28.052856 [debug] [MainThread]: Nothing changed, skipping partial parsing.
[0m15:51:28.053467 [debug] [MainThread]: Partial parsing enabled, no changes found, skipping parsing
[0m15:51:28.069993 [debug] [MainThread]: Sending event: {'category': 'dbt', 'action': 'load_project', 'label': '75d9b30e-0785-4794-b9ce-e6f30988ca45', 'context': [<snowplow_tracker.self_describing_json.SelfDescribingJson object at 0x000001438BB6BC50>]}
[0m15:51:28.326605 [debug] [MainThread]: Wrote artifact WritableManifest to C:\analytics_engineering_dbt\orcid_role_identifier\target\manifest.json
[0m15:51:28.329779 [debug] [MainThread]: Wrote artifact SemanticManifest to C:\analytics_engineering_dbt\orcid_role_identifier\target\semantic_manifest.json
[0m15:51:28.351371 [debug] [MainThread]: Wrote artifact OsiDocument to C:\analytics_engineering_dbt\orcid_role_identifier\target\osi_document.json
[0m15:51:28.415505 [debug] [MainThread]: Sending event: {'category': 'dbt', 'action': 'resource_counts', 'label': '75d9b30e-0785-4794-b9ce-e6f30988ca45', 'context': [<snowplow_tracker.self_describing_json.SelfDescribingJson object at 0x000001438BC8A120>]}
[0m15:51:28.416111 [info ] [MainThread]: Found 26 models, 15 analyses, 44 data tests, 6 seeds, 4 sources, 699 macros
[0m15:51:28.416881 [debug] [MainThread]: Sending event: {'category': 'dbt', 'action': 'runnable_timing', 'label': '75d9b30e-0785-4794-b9ce-e6f30988ca45', 'context': [<snowplow_tracker.self_describing_json.SelfDescribingJson object at 0x000001438BB83A10>]}
[0m15:51:28.420814 [info ] [MainThread]: 
[0m15:51:28.421333 [info ] [MainThread]: Concurrency: 8 threads (target='dev')
[0m15:51:28.421701 [info ] [MainThread]: 
[0m15:51:28.422263 [debug] [MainThread]: Acquiring new bigquery connection 'master'
[0m15:51:28.433610 [debug] [ThreadPool]: Acquiring new bigquery connection 'list_dat-analytics-eng-ec869189'
[0m15:51:28.434787 [debug] [ThreadPool]: Opening a new connection, currently in state init
[0m15:51:32.102400 [debug] [ThreadPool]: Re-using an available connection from the pool (formerly list_dat-analytics-eng-ec869189, now create_dat-analytics-eng-ec869189_dev_orcid_role_identifier_seeds)
[0m15:51:32.106195 [debug] [ThreadPool]: Creating schema "database: "dat-analytics-eng-ec869189"
schema: "dev_orcid_role_identifier_seeds"
"
[0m15:51:32.137644 [debug] [ThreadPool]: On create_dat-analytics-eng-ec869189_dev_orcid_role_identifier_seeds: /* {"app": "dbt", "dbt_version": "1.12.0", "profile_name": "orcid_role_identifier", "target_name": "dev", "connection_name": "create_dat-analytics-eng-ec869189_dev_orcid_role_identifier_seeds"} */
create schema if not exists `dat-analytics-eng-ec869189`.`dev_orcid_role_identifier_seeds`
  
[0m15:51:32.138889 [debug] [ThreadPool]: Opening a new connection, currently in state closed
[0m15:51:33.177512 [debug] [ThreadPool]: BigQuery adapter: https://console.cloud.google.com/bigquery?project=dat-analytics-eng-ec869189&j=bq:EU:c7767c80-21a9-45ff-b1b5-371d835641bf&page=queryresults
[0m15:51:35.255021 [debug] [ThreadPool]: SQL status: OK in 2.076 seconds
[0m15:51:35.590723 [debug] [ThreadPool]: Acquiring new bigquery connection 'list_dat-analytics-eng-ec869189_dev_orcid_role_identifier_dictionary'
[0m15:51:35.592119 [debug] [ThreadPool]: Opening a new connection, currently in state init
[0m15:51:35.593182 [debug] [ThreadPool]: Acquiring new bigquery connection 'list_dat-analytics-eng-ec869189_dev_orcid_role_identifier_staging'
[0m15:51:35.595382 [debug] [ThreadPool]: Opening a new connection, currently in state init
[0m15:51:35.597361 [debug] [ThreadPool]: Acquiring new bigquery connection 'list_dat-analytics-eng-ec869189_dev_orcid_role_identifier_presentation'
[0m15:51:35.598609 [debug] [ThreadPool]: Opening a new connection, currently in state init
[0m15:51:35.602343 [debug] [ThreadPool]: Acquiring new bigquery connection 'list_dat-analytics-eng-ec869189_dev_orcid_role_identifier_seeds'
[0m15:51:35.605051 [debug] [ThreadPool]: Opening a new connection, currently in state init
[0m15:51:35.606192 [debug] [ThreadPool]: Acquiring new bigquery connection 'list_dat-analytics-eng-ec869189_dev_orcid_role_identifier_raw'
[0m15:51:35.610993 [debug] [ThreadPool]: Acquiring new bigquery connection 'list_dat-analytics-eng-ec869189_dev_orcid_role_identifier_scoring'
[0m15:51:35.611708 [debug] [ThreadPool]: Opening a new connection, currently in state init
[0m15:51:35.613560 [debug] [ThreadPool]: Opening a new connection, currently in state init
[0m15:51:37.184816 [debug] [MainThread]: Sending event: {'category': 'dbt', 'action': 'runnable_timing', 'label': '75d9b30e-0785-4794-b9ce-e6f30988ca45', 'context': [<snowplow_tracker.self_describing_json.SelfDescribingJson object at 0x000001438BF1F5F0>]}
[0m15:51:37.185408 [debug] [MainThread]: Opening a new connection, currently in state init
[0m15:51:37.230152 [debug] [Thread-6 (]: Began running node seed.orcid_role_identifier.title_group_anchors
[0m15:51:37.231032 [debug] [Thread-4 (]: Began running node seed.orcid_role_identifier.role_detail_map
[0m15:51:37.231386 [debug] [Thread-2 (]: Began running node seed.orcid_role_identifier.org_name_patterns
[0m15:51:37.231672 [debug] [Thread-1 (]: Began running node seed.orcid_role_identifier.discipline_anchors
[0m15:51:37.231947 [debug] [Thread-3 (]: Began running node seed.orcid_role_identifier.org_type_scores
[0m15:51:37.230737 [info ] [Thread-6 (]: 6 of 6 START seed file dev_orcid_role_identifier_seeds.title_group_anchors ..... [RUN]
[0m15:51:37.232570 [debug] [Thread-5 (]: Began running node seed.orcid_role_identifier.role_title_overrides
[0m15:51:37.233458 [info ] [Thread-4 (]: 4 of 6 START seed file dev_orcid_role_identifier_seeds.role_detail_map ......... [RUN]
[0m15:51:37.234590 [info ] [Thread-2 (]: 2 of 6 START seed file dev_orcid_role_identifier_seeds.org_name_patterns ....... [RUN]
[0m15:51:37.235522 [info ] [Thread-1 (]: 1 of 6 START seed file dev_orcid_role_identifier_seeds.discipline_anchors ...... [RUN]
[0m15:51:37.237038 [debug] [Thread-6 (]: Acquiring new bigquery connection 'seed.orcid_role_identifier.title_group_anchors'
[0m15:51:37.235873 [info ] [Thread-3 (]: 3 of 6 START seed file dev_orcid_role_identifier_seeds.org_type_scores ......... [RUN]
[0m15:51:37.238483 [debug] [Thread-4 (]: Acquiring new bigquery connection 'seed.orcid_role_identifier.role_detail_map'
[0m15:51:37.238889 [debug] [Thread-2 (]: Acquiring new bigquery connection 'seed.orcid_role_identifier.org_name_patterns'
[0m15:51:37.239266 [debug] [Thread-1 (]: Acquiring new bigquery connection 'seed.orcid_role_identifier.discipline_anchors'
[0m15:51:37.238069 [info ] [Thread-5 (]: 5 of 6 START seed file dev_orcid_role_identifier_seeds.role_title_overrides .... [RUN]
[0m15:51:37.239955 [debug] [Thread-6 (]: Began compiling node seed.orcid_role_identifier.title_group_anchors
[0m15:51:37.240755 [debug] [Thread-3 (]: Acquiring new bigquery connection 'seed.orcid_role_identifier.org_type_scores'
[0m15:51:37.241053 [debug] [Thread-4 (]: Began compiling node seed.orcid_role_identifier.role_detail_map
[0m15:51:37.241317 [debug] [Thread-2 (]: Began compiling node seed.orcid_role_identifier.org_name_patterns
[0m15:51:37.241611 [debug] [Thread-1 (]: Began compiling node seed.orcid_role_identifier.discipline_anchors
[0m15:51:37.242014 [debug] [Thread-5 (]: Acquiring new bigquery connection 'seed.orcid_role_identifier.role_title_overrides'
[0m15:51:37.242342 [debug] [Thread-6 (]: Began executing node seed.orcid_role_identifier.title_group_anchors
[0m15:51:37.242621 [debug] [Thread-3 (]: Began compiling node seed.orcid_role_identifier.org_type_scores
[0m15:51:37.242946 [debug] [Thread-4 (]: Began executing node seed.orcid_role_identifier.role_detail_map
[0m15:51:37.243235 [debug] [Thread-2 (]: Began executing node seed.orcid_role_identifier.org_name_patterns
[0m15:51:37.243785 [debug] [Thread-1 (]: Began executing node seed.orcid_role_identifier.discipline_anchors
[0m15:51:37.244444 [debug] [Thread-5 (]: Began compiling node seed.orcid_role_identifier.role_title_overrides
[0m15:51:37.265959 [debug] [Thread-3 (]: Began executing node seed.orcid_role_identifier.org_type_scores
[0m15:51:37.291429 [debug] [Thread-6 (]: Opening a new connection, currently in state init
[0m15:51:37.291921 [debug] [Thread-5 (]: Began executing node seed.orcid_role_identifier.role_title_overrides
[0m15:51:37.294539 [debug] [Thread-2 (]: Opening a new connection, currently in state init
[0m15:51:37.301652 [debug] [Thread-1 (]: Opening a new connection, currently in state init
[0m15:51:37.303423 [debug] [Thread-3 (]: Opening a new connection, currently in state init
[0m15:51:37.309169 [debug] [Thread-4 (]: Opening a new connection, currently in state init
[0m15:51:37.311124 [debug] [Thread-5 (]: Opening a new connection, currently in state init
[0m15:51:37.336783 [debug] [Thread-3 (]: Compilation Error in seed org_type_scores (seeds\org_type_scores.csv)
  Row 8 has 5 values, but Table only has 4 columns.
  
  > in macro materialization_seed_default (macros\materializations\seeds\seed.sql)
  > called by seed org_type_scores (seeds\org_type_scores.csv)
[0m15:51:37.339412 [debug] [Thread-3 (]: Sending event: {'category': 'dbt', 'action': 'run_model', 'label': '75d9b30e-0785-4794-b9ce-e6f30988ca45', 'context': [<snowplow_tracker.self_describing_json.SelfDescribingJson object at 0x000001438BF7F890>]}
[0m15:51:37.339988 [error] [Thread-3 (]: 3 of 6 ERROR loading seed file dev_orcid_role_identifier_seeds.org_type_scores . [[31mERROR[0m in 0.10s]
[0m15:51:37.340605 [debug] [Thread-3 (]: Finished running node seed.orcid_role_identifier.org_type_scores
[0m15:51:37.341412 [debug] [Thread-11 ]: Marking all children of 'seed.orcid_role_identifier.org_type_scores' to be skipped because of status 'error'.  Reason: Compilation Error in seed org_type_scores (seeds\org_type_scores.csv)
  Row 8 has 5 values, but Table only has 4 columns.
  
  > in macro materialization_seed_default (macros\materializations\seeds\seed.sql)
  > called by seed org_type_scores (seeds\org_type_scores.csv).
[0m15:51:40.547099 [debug] [Thread-2 (]: On seed.orcid_role_identifier.org_name_patterns: /* {"app": "dbt", "dbt_version": "1.12.0", "profile_name": "orcid_role_identifier", "target_name": "dev", "node_id": "seed.orcid_role_identifier.org_name_patterns"} */

    alter table `dat-analytics-eng-ec869189`.`dev_orcid_role_identifier_seeds`.`org_name_patterns` set OPTIONS()
  
[0m15:51:40.642627 [debug] [Thread-6 (]: On seed.orcid_role_identifier.title_group_anchors: /* {"app": "dbt", "dbt_version": "1.12.0", "profile_name": "orcid_role_identifier", "target_name": "dev", "node_id": "seed.orcid_role_identifier.title_group_anchors"} */

    alter table `dat-analytics-eng-ec869189`.`dev_orcid_role_identifier_seeds`.`title_group_anchors` set OPTIONS()
  
[0m15:51:40.677563 [debug] [Thread-5 (]: On seed.orcid_role_identifier.role_title_overrides: /* {"app": "dbt", "dbt_version": "1.12.0", "profile_name": "orcid_role_identifier", "target_name": "dev", "node_id": "seed.orcid_role_identifier.role_title_overrides"} */

    alter table `dat-analytics-eng-ec869189`.`dev_orcid_role_identifier_seeds`.`role_title_overrides` set OPTIONS()
  
[0m15:51:40.933856 [debug] [Thread-2 (]: BigQuery adapter: https://console.cloud.google.com/bigquery?project=dat-analytics-eng-ec869189&j=bq:EU:a8b59074-edb9-48e3-891c-a1866f843dbe&page=queryresults
[0m15:51:40.938019 [debug] [Thread-5 (]: BigQuery adapter: https://console.cloud.google.com/bigquery?project=dat-analytics-eng-ec869189&j=bq:EU:49367f89-ff12-4111-8cfd-0836cdb2e3c3&page=queryresults
[0m15:51:41.156626 [debug] [Thread-6 (]: BigQuery adapter: https://console.cloud.google.com/bigquery?project=dat-analytics-eng-ec869189&j=bq:EU:55772048-af88-4988-964e-5b567d6adfd2&page=queryresults
[0m15:51:41.213257 [debug] [Thread-2 (]: SQL status: OK in 0.278 seconds
[0m15:51:41.230879 [debug] [Thread-2 (]: Writing runtime SQL for node "seed.orcid_role_identifier.org_name_patterns"
[0m15:51:41.290349 [debug] [Thread-2 (]: Sending event: {'category': 'dbt', 'action': 'run_model', 'label': '75d9b30e-0785-4794-b9ce-e6f30988ca45', 'context': [<snowplow_tracker.self_describing_json.SelfDescribingJson object at 0x000001438C2C4730>]}
[0m15:51:41.292494 [info ] [Thread-2 (]: 2 of 6 OK loaded seed file dev_orcid_role_identifier_seeds.org_name_patterns ... [[32mINSERT 16[0m in 4.05s]
[0m15:51:41.296186 [debug] [Thread-2 (]: Finished running node seed.orcid_role_identifier.org_name_patterns
[0m15:51:41.336276 [debug] [Thread-5 (]: SQL status: OK in 0.397 seconds
[0m15:51:41.338607 [debug] [Thread-5 (]: Writing runtime SQL for node "seed.orcid_role_identifier.role_title_overrides"
[0m15:51:41.345965 [debug] [Thread-5 (]: Sending event: {'category': 'dbt', 'action': 'run_model', 'label': '75d9b30e-0785-4794-b9ce-e6f30988ca45', 'context': [<snowplow_tracker.self_describing_json.SelfDescribingJson object at 0x000001438C2FD130>]}
[0m15:51:41.347420 [info ] [Thread-5 (]: 5 of 6 OK loaded seed file dev_orcid_role_identifier_seeds.role_title_overrides  [[32mINSERT 1[0m in 4.10s]
[0m15:51:41.349405 [debug] [Thread-5 (]: Finished running node seed.orcid_role_identifier.role_title_overrides
[0m15:51:41.447011 [debug] [Thread-6 (]: SQL status: OK in 0.289 seconds
[0m15:51:41.450442 [debug] [Thread-6 (]: Writing runtime SQL for node "seed.orcid_role_identifier.title_group_anchors"
[0m15:51:41.461094 [debug] [Thread-6 (]: Sending event: {'category': 'dbt', 'action': 'run_model', 'label': '75d9b30e-0785-4794-b9ce-e6f30988ca45', 'context': [<snowplow_tracker.self_describing_json.SelfDescribingJson object at 0x000001438C162ED0>]}
[0m15:51:41.462445 [info ] [Thread-6 (]: 6 of 6 OK loaded seed file dev_orcid_role_identifier_seeds.title_group_anchors . [[32mINSERT 118[0m in 4.22s]
[0m15:51:41.464108 [debug] [Thread-6 (]: Finished running node seed.orcid_role_identifier.title_group_anchors
[0m15:51:41.502202 [debug] [Thread-1 (]: On seed.orcid_role_identifier.discipline_anchors: /* {"app": "dbt", "dbt_version": "1.12.0", "profile_name": "orcid_role_identifier", "target_name": "dev", "node_id": "seed.orcid_role_identifier.discipline_anchors"} */

    alter table `dat-analytics-eng-ec869189`.`dev_orcid_role_identifier_seeds`.`discipline_anchors` set OPTIONS()
  
[0m15:51:41.807819 [debug] [Thread-1 (]: BigQuery adapter: https://console.cloud.google.com/bigquery?project=dat-analytics-eng-ec869189&j=bq:EU:39495351-9460-43bd-a236-add00a67ac89&page=queryresults
[0m15:51:42.110106 [debug] [Thread-1 (]: SQL status: OK in 0.301 seconds
[0m15:51:42.113217 [debug] [Thread-1 (]: Writing runtime SQL for node "seed.orcid_role_identifier.discipline_anchors"
[0m15:51:42.124620 [debug] [Thread-1 (]: Sending event: {'category': 'dbt', 'action': 'run_model', 'label': '75d9b30e-0785-4794-b9ce-e6f30988ca45', 'context': [<snowplow_tracker.self_describing_json.SelfDescribingJson object at 0x000001438C1C4210>]}
[0m15:51:42.126005 [info ] [Thread-1 (]: 1 of 6 OK loaded seed file dev_orcid_role_identifier_seeds.discipline_anchors .. [[32mINSERT 162[0m in 4.89s]
[0m15:51:42.127846 [debug] [Thread-1 (]: Finished running node seed.orcid_role_identifier.discipline_anchors
[0m15:51:42.519785 [debug] [Thread-4 (]: On seed.orcid_role_identifier.role_detail_map: /* {"app": "dbt", "dbt_version": "1.12.0", "profile_name": "orcid_role_identifier", "target_name": "dev", "node_id": "seed.orcid_role_identifier.role_detail_map"} */

    alter table `dat-analytics-eng-ec869189`.`dev_orcid_role_identifier_seeds`.`role_detail_map` set OPTIONS()
  
[0m15:51:42.880972 [debug] [Thread-4 (]: BigQuery adapter: https://console.cloud.google.com/bigquery?project=dat-analytics-eng-ec869189&j=bq:EU:b0a148f7-498f-4ae4-a57d-b40686c24e50&page=queryresults
[0m15:51:43.195259 [debug] [Thread-4 (]: SQL status: OK in 0.313 seconds
[0m15:51:43.199071 [debug] [Thread-4 (]: Writing runtime SQL for node "seed.orcid_role_identifier.role_detail_map"
[0m15:51:43.208914 [debug] [Thread-4 (]: Sending event: {'category': 'dbt', 'action': 'run_model', 'label': '75d9b30e-0785-4794-b9ce-e6f30988ca45', 'context': [<snowplow_tracker.self_describing_json.SelfDescribingJson object at 0x000001438C2DBE90>]}
[0m15:51:43.210620 [info ] [Thread-4 (]: 4 of 6 OK loaded seed file dev_orcid_role_identifier_seeds.role_detail_map ..... [[32mINSERT 27[0m in 5.97s]
[0m15:51:43.212208 [debug] [Thread-4 (]: Finished running node seed.orcid_role_identifier.role_detail_map
[0m15:51:43.217440 [debug] [MainThread]: Opening a new connection, currently in state closed
[0m15:51:43.219236 [debug] [MainThread]: Connection 'master' was properly closed.
[0m15:51:43.220134 [debug] [MainThread]: Connection 'create_dat-analytics-eng-ec869189_dev_orcid_role_identifier_seeds' was properly closed.
[0m15:51:43.220651 [debug] [MainThread]: Connection 'list_dat-analytics-eng-ec869189_dev_orcid_role_identifier_dictionary' was properly closed.
[0m15:51:43.221172 [debug] [MainThread]: Connection 'list_dat-analytics-eng-ec869189_dev_orcid_role_identifier_staging' was properly closed.
[0m15:51:43.221785 [debug] [MainThread]: Connection 'list_dat-analytics-eng-ec869189_dev_orcid_role_identifier_presentation' was properly closed.
[0m15:51:43.222277 [debug] [MainThread]: Connection 'list_dat-analytics-eng-ec869189_dev_orcid_role_identifier_seeds' was properly closed.
[0m15:51:43.222684 [debug] [MainThread]: Connection 'list_dat-analytics-eng-ec869189_dev_orcid_role_identifier_raw' was properly closed.
[0m15:51:43.223073 [debug] [MainThread]: Connection 'list_dat-analytics-eng-ec869189_dev_orcid_role_identifier_scoring' was properly closed.
[0m15:51:43.223480 [debug] [MainThread]: Connection 'seed.orcid_role_identifier.title_group_anchors' was properly closed.
[0m15:51:43.223881 [debug] [MainThread]: Connection 'seed.orcid_role_identifier.role_detail_map' was properly closed.
[0m15:51:43.224289 [debug] [MainThread]: Connection 'seed.orcid_role_identifier.org_name_patterns' was properly closed.
[0m15:51:43.224708 [debug] [MainThread]: Connection 'seed.orcid_role_identifier.discipline_anchors' was properly closed.
[0m15:51:43.225105 [debug] [MainThread]: Connection 'seed.orcid_role_identifier.org_type_scores' was properly closed.
[0m15:51:43.225495 [debug] [MainThread]: Connection 'seed.orcid_role_identifier.role_title_overrides' was properly closed.
[0m15:51:43.226000 [info ] [MainThread]: 
[0m15:51:43.227039 [info ] [MainThread]: Finished running 6 seeds in 0 hours 0 minutes and 14.80 seconds (14.80s).
[0m15:51:43.229727 [debug] [MainThread]: Command end result
[0m15:51:43.342991 [debug] [MainThread]: Wrote artifact WritableManifest to C:\analytics_engineering_dbt\orcid_role_identifier\target\manifest.json
[0m15:51:43.351146 [debug] [MainThread]: Wrote artifact SemanticManifest to C:\analytics_engineering_dbt\orcid_role_identifier\target\semantic_manifest.json
[0m15:51:43.358085 [debug] [MainThread]: Wrote artifact OsiDocument to C:\analytics_engineering_dbt\orcid_role_identifier\target\osi_document.json
[0m15:51:43.388578 [debug] [MainThread]: Wrote artifact RunExecutionResult to C:\analytics_engineering_dbt\orcid_role_identifier\target\run_results.json
[0m15:51:43.389315 [info ] [MainThread]: 
[0m15:51:43.390297 [info ] [MainThread]: [31mCompleted with 1 error, 0 partial successes, and 0 warnings:[0m
[0m15:51:43.392678 [info ] [MainThread]: 
[0m15:51:43.393900 [error] [MainThread]: [[31mERROR[0m]: in seed org_type_scores (seeds\org_type_scores.csv)
[0m15:51:43.396437 [error] [MainThread]:   Compilation Error in seed org_type_scores (seeds\org_type_scores.csv)
  Row 8 has 5 values, but Table only has 4 columns.
  
  > in macro materialization_seed_default (macros\materializations\seeds\seed.sql)
  > called by seed org_type_scores (seeds\org_type_scores.csv)
[0m15:51:43.398354 [info ] [MainThread]: 
[0m15:51:43.401363 [info ] [MainThread]: Done. PASS=5 WARN=0 ERROR=1 SKIP=0 NO-OP=0 REUSED=0 TOTAL=6
[0m15:51:43.403262 [debug] [MainThread]: Command `dbt seed` failed at 15:51:43.402888 after 19.30 seconds
[0m15:51:43.404112 [debug] [MainThread]: Sending event: {'category': 'dbt', 'action': 'invocation', 'label': 'end', 'context': [<snowplow_tracker.self_describing_json.SelfDescribingJson object at 0x00000143E9F96A50>, <snowplow_tracker.self_describing_json.SelfDescribingJson object at 0x000001438C06B770>, <snowplow_tracker.self_describing_json.SelfDescribingJson object at 0x000001438C068EF0>]}
[0m15:51:43.404881 [debug] [MainThread]: Flushing usage events
[0m15:51:44.567953 [debug] [MainThread]: An error was encountered while trying to flush usage events
[0m15:53:45.954010 [debug] [MainThread]: Sending event: {'category': 'dbt', 'action': 'invocation', 'label': 'start', 'context': [<snowplow_tracker.self_describing_json.SelfDescribingJson object at 0x0000024CECBF2F90>, <snowplow_tracker.self_describing_json.SelfDescribingJson object at 0x0000024CEF41FD90>, <snowplow_tracker.self_describing_json.SelfDescribingJson object at 0x0000024CEF41F9D0>]}


============================== 15:53:45.959033 | 45dac21e-16e2-42a9-99c9-9dc9b2fca951 ==============================
[0m15:53:45.959033 [info ] [MainThread]: Running with dbt=1.12.0
[0m15:53:45.959973 [debug] [MainThread]: running dbt with arguments {'static_parser': 'True', 'no_print': 'None', 'maximum_seed_size_mib': '1', 'warn_error_options': 'WarnErrorOptionsV2(error=[], warn=[], silence=[])', 'target_path': 'None', 'version_check': 'True', 'printer_width': '80', 'write_json': 'True', 'introspect': 'True', 'log_cache_events': 'False', 'empty': 'False', 'cache_selected_only': 'False', 'fail_fast': 'False', 'debug': 'False', 'log_format': 'default', 'partial_parse': 'True', 'send_anonymous_usage_stats': 'True', 'quiet': 'False', 'warn_error': 'None', 'profiles_dir': 'C:\\analytics_engineering_dbt\\orcid_role_identifier', 'invocation_command': 'dbt seed --select org_type_scores', 'hints_enabled': 'True', 'use_colors': 'True', 'use_experimental_parser': 'False', 'indirect_selection': 'eager', 'log_path': 'C:\\analytics_engineering_dbt\\orcid_role_identifier\\logs'}
[0m15:53:47.364004 [debug] [MainThread]: Sending event: {'category': 'dbt', 'action': 'project_id', 'label': '45dac21e-16e2-42a9-99c9-9dc9b2fca951', 'context': [<snowplow_tracker.self_describing_json.SelfDescribingJson object at 0x0000024CED3843E0>]}
[0m15:53:47.459044 [debug] [MainThread]: Sending event: {'category': 'dbt', 'action': 'adapter_info', 'label': '45dac21e-16e2-42a9-99c9-9dc9b2fca951', 'context': [<snowplow_tracker.self_describing_json.SelfDescribingJson object at 0x0000024C8C932360>]}
[0m15:53:47.460722 [info ] [MainThread]: Registered adapter: bigquery=1.12.0
[0m15:53:47.980014 [debug] [MainThread]: checksum: 06d061997f46e5ca1259b0fae4fe9e9dedb1949b16edb4376a9dd3cef0739338, vars: {}, profile: orcid_role_identifier, target: dev, version: 1.12.0
[0m15:53:48.270486 [debug] [MainThread]: Partial parsing enabled: 0 files deleted, 0 files added, 1 files changed.
[0m15:53:48.271508 [debug] [MainThread]: Partial parsing: updated file: orcid_role_identifier://seeds\org_type_scores.csv
[0m15:53:48.733458 [debug] [MainThread]: Sending event: {'category': 'dbt', 'action': 'load_project', 'label': '45dac21e-16e2-42a9-99c9-9dc9b2fca951', 'context': [<snowplow_tracker.self_describing_json.SelfDescribingJson object at 0x0000024C8E400750>]}
[0m15:53:48.912295 [debug] [MainThread]: Wrote artifact WritableManifest to C:\analytics_engineering_dbt\orcid_role_identifier\target\manifest.json
[0m15:53:48.916020 [debug] [MainThread]: Wrote artifact SemanticManifest to C:\analytics_engineering_dbt\orcid_role_identifier\target\semantic_manifest.json
[0m15:53:48.937554 [debug] [MainThread]: Wrote artifact OsiDocument to C:\analytics_engineering_dbt\orcid_role_identifier\target\osi_document.json
[0m15:53:48.966475 [debug] [MainThread]: Sending event: {'category': 'dbt', 'action': 'resource_counts', 'label': '45dac21e-16e2-42a9-99c9-9dc9b2fca951', 'context': [<snowplow_tracker.self_describing_json.SelfDescribingJson object at 0x0000024C8E418D70>]}
[0m15:53:48.966994 [info ] [MainThread]: Found 26 models, 15 analyses, 44 data tests, 6 seeds, 4 sources, 699 macros
[0m15:53:48.967800 [debug] [MainThread]: Sending event: {'category': 'dbt', 'action': 'runnable_timing', 'label': '45dac21e-16e2-42a9-99c9-9dc9b2fca951', 'context': [<snowplow_tracker.self_describing_json.SelfDescribingJson object at 0x0000024C8E4917F0>]}
[0m15:53:48.971503 [info ] [MainThread]: 
[0m15:53:48.972246 [info ] [MainThread]: Concurrency: 8 threads (target='dev')
[0m15:53:48.972926 [info ] [MainThread]: 
[0m15:53:48.973741 [debug] [MainThread]: Acquiring new bigquery connection 'master'
[0m15:53:48.976455 [debug] [ThreadPool]: Acquiring new bigquery connection 'list_dat-analytics-eng-ec869189'
[0m15:53:48.977619 [debug] [ThreadPool]: Opening a new connection, currently in state init
[0m15:53:51.113634 [debug] [ThreadPool]: Acquiring new bigquery connection 'list_dat-analytics-eng-ec869189_dev_orcid_role_identifier_scoring'
[0m15:53:51.114435 [debug] [ThreadPool]: Opening a new connection, currently in state init
[0m15:53:51.114917 [debug] [ThreadPool]: Acquiring new bigquery connection 'list_dat-analytics-eng-ec869189_dev_orcid_role_identifier_dictionary'
[0m15:53:51.116120 [debug] [ThreadPool]: Opening a new connection, currently in state init
[0m15:53:51.116534 [debug] [ThreadPool]: Acquiring new bigquery connection 'list_dat-analytics-eng-ec869189_dev_orcid_role_identifier_raw'
[0m15:53:51.117466 [debug] [ThreadPool]: Opening a new connection, currently in state init
[0m15:53:51.118142 [debug] [ThreadPool]: Acquiring new bigquery connection 'list_dat-analytics-eng-ec869189_dev_orcid_role_identifier_seeds'
[0m15:53:51.119224 [debug] [ThreadPool]: Acquiring new bigquery connection 'list_dat-analytics-eng-ec869189_dev_orcid_role_identifier_staging'
[0m15:53:51.119711 [debug] [ThreadPool]: Opening a new connection, currently in state init
[0m15:53:51.122090 [debug] [ThreadPool]: Opening a new connection, currently in state init
[0m15:53:51.126393 [debug] [ThreadPool]: Acquiring new bigquery connection 'list_dat-analytics-eng-ec869189_dev_orcid_role_identifier_presentation'
[0m15:53:51.129160 [debug] [ThreadPool]: Opening a new connection, currently in state init
[0m15:53:51.500318 [debug] [MainThread]: Sending event: {'category': 'dbt', 'action': 'runnable_timing', 'label': '45dac21e-16e2-42a9-99c9-9dc9b2fca951', 'context': [<snowplow_tracker.self_describing_json.SelfDescribingJson object at 0x0000024C8CF2D230>]}
[0m15:53:51.501426 [debug] [MainThread]: Opening a new connection, currently in state init
[0m15:53:51.517390 [debug] [Thread-1 (]: Began running node seed.orcid_role_identifier.org_type_scores
[0m15:53:51.518843 [info ] [Thread-1 (]: 1 of 1 START seed file dev_orcid_role_identifier_seeds.org_type_scores ......... [RUN]
[0m15:53:51.520518 [debug] [Thread-1 (]: Acquiring new bigquery connection 'seed.orcid_role_identifier.org_type_scores'
[0m15:53:51.521256 [debug] [Thread-1 (]: Began compiling node seed.orcid_role_identifier.org_type_scores
[0m15:53:51.521891 [debug] [Thread-1 (]: Began executing node seed.orcid_role_identifier.org_type_scores
[0m15:53:51.895540 [debug] [Thread-1 (]: Opening a new connection, currently in state init
[0m15:53:54.849715 [debug] [Thread-1 (]: On seed.orcid_role_identifier.org_type_scores: /* {"app": "dbt", "dbt_version": "1.12.0", "profile_name": "orcid_role_identifier", "target_name": "dev", "node_id": "seed.orcid_role_identifier.org_type_scores"} */

    alter table `dat-analytics-eng-ec869189`.`dev_orcid_role_identifier_seeds`.`org_type_scores` set OPTIONS()
  
[0m15:53:55.081477 [debug] [Thread-1 (]: BigQuery adapter: https://console.cloud.google.com/bigquery?project=dat-analytics-eng-ec869189&j=bq:EU:820b983a-aaa2-471c-8640-22789aea01a8&page=queryresults
[0m15:53:55.409298 [debug] [Thread-1 (]: SQL status: OK in 0.326 seconds
[0m15:53:55.429809 [debug] [Thread-1 (]: Writing runtime SQL for node "seed.orcid_role_identifier.org_type_scores"
[0m15:53:55.496355 [debug] [Thread-1 (]: Sending event: {'category': 'dbt', 'action': 'run_model', 'label': '45dac21e-16e2-42a9-99c9-9dc9b2fca951', 'context': [<snowplow_tracker.self_describing_json.SelfDescribingJson object at 0x0000024C8CEEE990>]}
[0m15:53:55.497575 [info ] [Thread-1 (]: 1 of 1 OK loaded seed file dev_orcid_role_identifier_seeds.org_type_scores ..... [[32mINSERT 50[0m in 3.97s]
[0m15:53:55.499977 [debug] [Thread-1 (]: Finished running node seed.orcid_role_identifier.org_type_scores
[0m15:53:55.504400 [debug] [MainThread]: Opening a new connection, currently in state closed
[0m15:53:55.505709 [debug] [MainThread]: Connection 'master' was properly closed.
[0m15:53:55.506260 [debug] [MainThread]: Connection 'list_dat-analytics-eng-ec869189' was properly closed.
[0m15:53:55.506714 [debug] [MainThread]: Connection 'list_dat-analytics-eng-ec869189_dev_orcid_role_identifier_scoring' was properly closed.
[0m15:53:55.507160 [debug] [MainThread]: Connection 'list_dat-analytics-eng-ec869189_dev_orcid_role_identifier_dictionary' was properly closed.
[0m15:53:55.507574 [debug] [MainThread]: Connection 'list_dat-analytics-eng-ec869189_dev_orcid_role_identifier_raw' was properly closed.
[0m15:53:55.507966 [debug] [MainThread]: Connection 'list_dat-analytics-eng-ec869189_dev_orcid_role_identifier_seeds' was properly closed.
[0m15:53:55.508347 [debug] [MainThread]: Connection 'list_dat-analytics-eng-ec869189_dev_orcid_role_identifier_staging' was properly closed.
[0m15:53:55.508723 [debug] [MainThread]: Connection 'list_dat-analytics-eng-ec869189_dev_orcid_role_identifier_presentation' was properly closed.
[0m15:53:55.509441 [debug] [MainThread]: Connection 'seed.orcid_role_identifier.org_type_scores' was properly closed.
[0m15:53:55.510476 [info ] [MainThread]: 
[0m15:53:55.511686 [info ] [MainThread]: Finished running 1 seed in 0 hours 0 minutes and 6.54 seconds (6.54s).
[0m15:53:55.513665 [debug] [MainThread]: Command end result
[0m15:53:55.620691 [debug] [MainThread]: Wrote artifact WritableManifest to C:\analytics_engineering_dbt\orcid_role_identifier\target\manifest.json
[0m15:53:55.626162 [debug] [MainThread]: Wrote artifact SemanticManifest to C:\analytics_engineering_dbt\orcid_role_identifier\target\semantic_manifest.json
[0m15:53:55.631755 [debug] [MainThread]: Wrote artifact OsiDocument to C:\analytics_engineering_dbt\orcid_role_identifier\target\osi_document.json
[0m15:53:55.643245 [debug] [MainThread]: Wrote artifact RunExecutionResult to C:\analytics_engineering_dbt\orcid_role_identifier\target\run_results.json
[0m15:53:55.643717 [info ] [MainThread]: 
[0m15:53:55.644519 [info ] [MainThread]: [32mCompleted successfully[0m
[0m15:53:55.645206 [info ] [MainThread]: 
[0m15:53:55.645807 [info ] [MainThread]: Done. PASS=1 WARN=0 ERROR=0 SKIP=0 NO-OP=0 REUSED=0 TOTAL=1
[0m15:53:55.646928 [debug] [MainThread]: Command `dbt seed` succeeded at 15:53:55.646786 after 10.00 seconds
[0m15:53:55.647320 [debug] [MainThread]: Sending event: {'category': 'dbt', 'action': 'invocation', 'label': 'end', 'context': [<snowplow_tracker.self_describing_json.SelfDescribingJson object at 0x0000024C8CED5C80>, <snowplow_tracker.self_describing_json.SelfDescribingJson object at 0x0000024C8CEBAAD0>, <snowplow_tracker.self_describing_json.SelfDescribingJson object at 0x0000024C8E703570>]}
[0m15:53:55.647688 [debug] [MainThread]: Flushing usage events
[0m15:53:56.099703 [debug] [MainThread]: An error was encountered while trying to flush usage events
[0m15:54:09.744430 [debug] [MainThread]: Sending event: {'category': 'dbt', 'action': 'invocation', 'label': 'start', 'context': [<snowplow_tracker.self_describing_json.SelfDescribingJson object at 0x000002835A0DE510>, <snowplow_tracker.self_describing_json.SelfDescribingJson object at 0x000002835C6F7ED0>, <snowplow_tracker.self_describing_json.SelfDescribingJson object at 0x000002835C6F7B10>]}


============================== 15:54:09.753788 | ab2a22d0-d6d7-40cd-a52d-065c8c2ba518 ==============================
[0m15:54:09.753788 [info ] [MainThread]: Running with dbt=1.12.0
[0m15:54:09.755037 [debug] [MainThread]: running dbt with arguments {'version_check': 'True', 'no_print': 'None', 'maximum_seed_size_mib': '1', 'target_path': 'None', 'warn_error_options': 'WarnErrorOptionsV2(error=[], warn=[], silence=[])', 'static_parser': 'True', 'printer_width': '80', 'write_json': 'True', 'introspect': 'True', 'log_cache_events': 'False', 'empty': 'False', 'cache_selected_only': 'False', 'log_format': 'default', 'debug': 'False', 'fail_fast': 'False', 'partial_parse': 'True', 'send_anonymous_usage_stats': 'True', 'quiet': 'False', 'warn_error': 'None', 'profiles_dir': 'C:\\analytics_engineering_dbt\\orcid_role_identifier', 'invocation_command': 'dbt seed', 'hints_enabled': 'True', 'use_colors': 'True', 'use_experimental_parser': 'False', 'indirect_selection': 'eager', 'log_path': 'C:\\analytics_engineering_dbt\\orcid_role_identifier\\logs'}
[0m15:54:12.638101 [debug] [MainThread]: Sending event: {'category': 'dbt', 'action': 'project_id', 'label': 'ab2a22d0-d6d7-40cd-a52d-065c8c2ba518', 'context': [<snowplow_tracker.self_describing_json.SelfDescribingJson object at 0x000002835A638C30>]}
[0m15:54:12.756513 [debug] [MainThread]: Sending event: {'category': 'dbt', 'action': 'adapter_info', 'label': 'ab2a22d0-d6d7-40cd-a52d-065c8c2ba518', 'context': [<snowplow_tracker.self_describing_json.SelfDescribingJson object at 0x000002837ADE86B0>]}
[0m15:54:12.758005 [info ] [MainThread]: Registered adapter: bigquery=1.12.0
[0m15:54:13.308465 [debug] [MainThread]: checksum: 06d061997f46e5ca1259b0fae4fe9e9dedb1949b16edb4376a9dd3cef0739338, vars: {}, profile: orcid_role_identifier, target: dev, version: 1.12.0
[0m15:54:13.588953 [debug] [MainThread]: Partial parsing enabled: 0 files deleted, 0 files added, 0 files changed.
[0m15:54:13.589735 [debug] [MainThread]: Nothing changed, skipping partial parsing.
[0m15:54:13.590212 [debug] [MainThread]: Partial parsing enabled, no changes found, skipping parsing
[0m15:54:13.604660 [debug] [MainThread]: Sending event: {'category': 'dbt', 'action': 'load_project', 'label': 'ab2a22d0-d6d7-40cd-a52d-065c8c2ba518', 'context': [<snowplow_tracker.self_describing_json.SelfDescribingJson object at 0x000002837B46BC50>]}
[0m15:54:13.939459 [debug] [MainThread]: Wrote artifact WritableManifest to C:\analytics_engineering_dbt\orcid_role_identifier\target\manifest.json
[0m15:54:13.946385 [debug] [MainThread]: Wrote artifact SemanticManifest to C:\analytics_engineering_dbt\orcid_role_identifier\target\semantic_manifest.json
[0m15:54:13.985647 [debug] [MainThread]: Wrote artifact OsiDocument to C:\analytics_engineering_dbt\orcid_role_identifier\target\osi_document.json
[0m15:54:14.013932 [debug] [MainThread]: Sending event: {'category': 'dbt', 'action': 'resource_counts', 'label': 'ab2a22d0-d6d7-40cd-a52d-065c8c2ba518', 'context': [<snowplow_tracker.self_describing_json.SelfDescribingJson object at 0x000002837B58A120>]}
[0m15:54:14.014734 [info ] [MainThread]: Found 26 models, 15 analyses, 44 data tests, 6 seeds, 4 sources, 699 macros
[0m15:54:14.015635 [debug] [MainThread]: Sending event: {'category': 'dbt', 'action': 'runnable_timing', 'label': 'ab2a22d0-d6d7-40cd-a52d-065c8c2ba518', 'context': [<snowplow_tracker.self_describing_json.SelfDescribingJson object at 0x000002837B483A10>]}
[0m15:54:14.021199 [info ] [MainThread]: 
[0m15:54:14.022066 [info ] [MainThread]: Concurrency: 8 threads (target='dev')
[0m15:54:14.023729 [info ] [MainThread]: 
[0m15:54:14.025815 [debug] [MainThread]: Acquiring new bigquery connection 'master'
[0m15:54:14.036531 [debug] [ThreadPool]: Acquiring new bigquery connection 'list_dat-analytics-eng-ec869189'
[0m15:54:14.037170 [debug] [ThreadPool]: Opening a new connection, currently in state init
[0m15:54:17.337256 [debug] [ThreadPool]: Acquiring new bigquery connection 'list_dat-analytics-eng-ec869189_dev_orcid_role_identifier_presentation'
[0m15:54:17.338769 [debug] [ThreadPool]: Opening a new connection, currently in state init
[0m15:54:17.340673 [debug] [ThreadPool]: Acquiring new bigquery connection 'list_dat-analytics-eng-ec869189_dev_orcid_role_identifier_dictionary'
[0m15:54:17.342534 [debug] [ThreadPool]: Opening a new connection, currently in state init
[0m15:54:17.343934 [debug] [ThreadPool]: Acquiring new bigquery connection 'list_dat-analytics-eng-ec869189_dev_orcid_role_identifier_scoring'
[0m15:54:17.346663 [debug] [ThreadPool]: Acquiring new bigquery connection 'list_dat-analytics-eng-ec869189_dev_orcid_role_identifier_staging'
[0m15:54:17.348646 [debug] [ThreadPool]: Opening a new connection, currently in state init
[0m15:54:17.350828 [debug] [ThreadPool]: Opening a new connection, currently in state init
[0m15:54:17.353965 [debug] [ThreadPool]: Acquiring new bigquery connection 'list_dat-analytics-eng-ec869189_dev_orcid_role_identifier_raw'
[0m15:54:17.357018 [debug] [ThreadPool]: Opening a new connection, currently in state init
[0m15:54:17.360485 [debug] [ThreadPool]: Acquiring new bigquery connection 'list_dat-analytics-eng-ec869189_dev_orcid_role_identifier_seeds'
[0m15:54:17.363032 [debug] [ThreadPool]: Opening a new connection, currently in state init
[0m15:54:18.740231 [debug] [MainThread]: Sending event: {'category': 'dbt', 'action': 'runnable_timing', 'label': 'ab2a22d0-d6d7-40cd-a52d-065c8c2ba518', 'context': [<snowplow_tracker.self_describing_json.SelfDescribingJson object at 0x000002837B817BA0>]}
[0m15:54:18.741735 [debug] [MainThread]: Opening a new connection, currently in state init
[0m15:54:18.756066 [debug] [Thread-1 (]: Began running node seed.orcid_role_identifier.discipline_anchors
[0m15:54:18.758758 [debug] [Thread-4 (]: Began running node seed.orcid_role_identifier.role_detail_map
[0m15:54:18.760329 [debug] [Thread-5 (]: Began running node seed.orcid_role_identifier.role_title_overrides
[0m15:54:18.761315 [debug] [Thread-2 (]: Began running node seed.orcid_role_identifier.org_name_patterns
[0m15:54:18.762052 [debug] [Thread-3 (]: Began running node seed.orcid_role_identifier.org_type_scores
[0m15:54:18.764185 [debug] [Thread-6 (]: Began running node seed.orcid_role_identifier.title_group_anchors
[0m15:54:18.757833 [info ] [Thread-1 (]: 1 of 6 START seed file dev_orcid_role_identifier_seeds.discipline_anchors ...... [RUN]
[0m15:54:18.763397 [info ] [Thread-4 (]: 4 of 6 START seed file dev_orcid_role_identifier_seeds.role_detail_map ......... [RUN]
[0m15:54:18.770549 [debug] [Thread-1 (]: Acquiring new bigquery connection 'seed.orcid_role_identifier.discipline_anchors'
[0m15:54:18.772066 [debug] [Thread-4 (]: Acquiring new bigquery connection 'seed.orcid_role_identifier.role_detail_map'
[0m15:54:18.765591 [info ] [Thread-5 (]: 5 of 6 START seed file dev_orcid_role_identifier_seeds.role_title_overrides .... [RUN]
[0m15:54:18.774967 [debug] [Thread-1 (]: Began compiling node seed.orcid_role_identifier.discipline_anchors
[0m15:54:18.766791 [info ] [Thread-2 (]: 2 of 6 START seed file dev_orcid_role_identifier_seeds.org_name_patterns ....... [RUN]
[0m15:54:18.776509 [debug] [Thread-4 (]: Began compiling node seed.orcid_role_identifier.role_detail_map
[0m15:54:18.768406 [info ] [Thread-3 (]: 3 of 6 START seed file dev_orcid_role_identifier_seeds.org_type_scores ......... [RUN]
[0m15:54:18.778842 [debug] [Thread-5 (]: Acquiring new bigquery connection 'seed.orcid_role_identifier.role_title_overrides'
[0m15:54:18.769478 [info ] [Thread-6 (]: 6 of 6 START seed file dev_orcid_role_identifier_seeds.title_group_anchors ..... [RUN]
[0m15:54:18.780819 [debug] [Thread-1 (]: Began executing node seed.orcid_role_identifier.discipline_anchors
[0m15:54:18.782775 [debug] [Thread-2 (]: Acquiring new bigquery connection 'seed.orcid_role_identifier.org_name_patterns'
[0m15:54:18.783892 [debug] [Thread-4 (]: Began executing node seed.orcid_role_identifier.role_detail_map
[0m15:54:18.784949 [debug] [Thread-3 (]: Acquiring new bigquery connection 'seed.orcid_role_identifier.org_type_scores'
[0m15:54:18.785624 [debug] [Thread-5 (]: Began compiling node seed.orcid_role_identifier.role_title_overrides
[0m15:54:18.786577 [debug] [Thread-6 (]: Acquiring new bigquery connection 'seed.orcid_role_identifier.title_group_anchors'
[0m15:54:18.796212 [debug] [Thread-2 (]: Began compiling node seed.orcid_role_identifier.org_name_patterns
[0m15:54:18.829382 [debug] [Thread-3 (]: Began compiling node seed.orcid_role_identifier.org_type_scores
[0m15:54:18.831425 [debug] [Thread-5 (]: Began executing node seed.orcid_role_identifier.role_title_overrides
[0m15:54:18.832403 [debug] [Thread-6 (]: Began compiling node seed.orcid_role_identifier.title_group_anchors
[0m15:54:18.837824 [debug] [Thread-2 (]: Began executing node seed.orcid_role_identifier.org_name_patterns
[0m15:54:18.842880 [debug] [Thread-3 (]: Began executing node seed.orcid_role_identifier.org_type_scores
[0m15:54:18.846628 [debug] [Thread-6 (]: Began executing node seed.orcid_role_identifier.title_group_anchors
[0m15:54:18.997482 [debug] [Thread-5 (]: Opening a new connection, currently in state init
[0m15:54:19.002564 [debug] [Thread-2 (]: Opening a new connection, currently in state init
[0m15:54:19.008554 [debug] [Thread-1 (]: Opening a new connection, currently in state init
[0m15:54:19.012335 [debug] [Thread-4 (]: Opening a new connection, currently in state init
[0m15:54:19.013509 [debug] [Thread-3 (]: Opening a new connection, currently in state init
[0m15:54:19.020410 [debug] [Thread-6 (]: Opening a new connection, currently in state init
[0m15:54:22.292012 [debug] [Thread-5 (]: On seed.orcid_role_identifier.role_title_overrides: /* {"app": "dbt", "dbt_version": "1.12.0", "profile_name": "orcid_role_identifier", "target_name": "dev", "node_id": "seed.orcid_role_identifier.role_title_overrides"} */

    alter table `dat-analytics-eng-ec869189`.`dev_orcid_role_identifier_seeds`.`role_title_overrides` set OPTIONS()
  
[0m15:54:22.311311 [debug] [Thread-1 (]: On seed.orcid_role_identifier.discipline_anchors: /* {"app": "dbt", "dbt_version": "1.12.0", "profile_name": "orcid_role_identifier", "target_name": "dev", "node_id": "seed.orcid_role_identifier.discipline_anchors"} */

    alter table `dat-analytics-eng-ec869189`.`dev_orcid_role_identifier_seeds`.`discipline_anchors` set OPTIONS()
  
[0m15:54:22.393124 [debug] [Thread-6 (]: On seed.orcid_role_identifier.title_group_anchors: /* {"app": "dbt", "dbt_version": "1.12.0", "profile_name": "orcid_role_identifier", "target_name": "dev", "node_id": "seed.orcid_role_identifier.title_group_anchors"} */

    alter table `dat-analytics-eng-ec869189`.`dev_orcid_role_identifier_seeds`.`title_group_anchors` set OPTIONS()
  
[0m15:54:22.460826 [debug] [Thread-2 (]: On seed.orcid_role_identifier.org_name_patterns: /* {"app": "dbt", "dbt_version": "1.12.0", "profile_name": "orcid_role_identifier", "target_name": "dev", "node_id": "seed.orcid_role_identifier.org_name_patterns"} */

    alter table `dat-analytics-eng-ec869189`.`dev_orcid_role_identifier_seeds`.`org_name_patterns` set OPTIONS()
  
[0m15:54:22.554725 [debug] [Thread-5 (]: BigQuery adapter: https://console.cloud.google.com/bigquery?project=dat-analytics-eng-ec869189&j=bq:EU:7085dac5-421a-419f-a16c-e60a8165ee9c&page=queryresults
[0m15:54:22.668715 [debug] [Thread-1 (]: BigQuery adapter: https://console.cloud.google.com/bigquery?project=dat-analytics-eng-ec869189&j=bq:EU:6d345a58-fcbf-4a4d-95ab-30165aafd0d2&page=queryresults
[0m15:54:22.941710 [debug] [Thread-2 (]: BigQuery adapter: https://console.cloud.google.com/bigquery?project=dat-analytics-eng-ec869189&j=bq:EU:705c55b0-4b42-417b-80ce-4f4594ac186a&page=queryresults
[0m15:54:22.990509 [debug] [Thread-5 (]: SQL status: OK in 0.435 seconds
[0m15:54:23.000330 [debug] [Thread-5 (]: Writing runtime SQL for node "seed.orcid_role_identifier.role_title_overrides"
[0m15:54:23.004370 [debug] [Thread-1 (]: SQL status: OK in 0.335 seconds
[0m15:54:23.005873 [debug] [Thread-1 (]: Writing runtime SQL for node "seed.orcid_role_identifier.discipline_anchors"
[0m15:54:23.060898 [debug] [Thread-1 (]: Sending event: {'category': 'dbt', 'action': 'run_model', 'label': 'ab2a22d0-d6d7-40cd-a52d-065c8c2ba518', 'context': [<snowplow_tracker.self_describing_json.SelfDescribingJson object at 0x000002837BBB8350>]}
[0m15:54:23.062960 [debug] [Thread-5 (]: Sending event: {'category': 'dbt', 'action': 'run_model', 'label': 'ab2a22d0-d6d7-40cd-a52d-065c8c2ba518', 'context': [<snowplow_tracker.self_describing_json.SelfDescribingJson object at 0x000002837BC0C100>]}
[0m15:54:23.061947 [info ] [Thread-1 (]: 1 of 6 OK loaded seed file dev_orcid_role_identifier_seeds.discipline_anchors .. [[32mINSERT 162[0m in 4.29s]
[0m15:54:23.064157 [info ] [Thread-5 (]: 5 of 6 OK loaded seed file dev_orcid_role_identifier_seeds.role_title_overrides  [[32mINSERT 1[0m in 4.28s]
[0m15:54:23.066796 [debug] [Thread-1 (]: Finished running node seed.orcid_role_identifier.discipline_anchors
[0m15:54:23.069551 [debug] [Thread-5 (]: Finished running node seed.orcid_role_identifier.role_title_overrides
[0m15:54:23.472343 [debug] [Thread-2 (]: SQL status: OK in 0.530 seconds
[0m15:54:23.475453 [debug] [Thread-2 (]: Writing runtime SQL for node "seed.orcid_role_identifier.org_name_patterns"
[0m15:54:23.482723 [debug] [Thread-2 (]: Sending event: {'category': 'dbt', 'action': 'run_model', 'label': 'ab2a22d0-d6d7-40cd-a52d-065c8c2ba518', 'context': [<snowplow_tracker.self_describing_json.SelfDescribingJson object at 0x000002837BC060D0>]}
[0m15:54:23.483426 [info ] [Thread-2 (]: 2 of 6 OK loaded seed file dev_orcid_role_identifier_seeds.org_name_patterns ... [[32mINSERT 16[0m in 4.70s]
[0m15:54:23.485495 [debug] [Thread-2 (]: Finished running node seed.orcid_role_identifier.org_name_patterns
[0m15:54:23.574251 [debug] [Thread-4 (]: On seed.orcid_role_identifier.role_detail_map: /* {"app": "dbt", "dbt_version": "1.12.0", "profile_name": "orcid_role_identifier", "target_name": "dev", "node_id": "seed.orcid_role_identifier.role_detail_map"} */

    alter table `dat-analytics-eng-ec869189`.`dev_orcid_role_identifier_seeds`.`role_detail_map` set OPTIONS()
  
[0m15:54:23.872114 [debug] [Thread-4 (]: BigQuery adapter: https://console.cloud.google.com/bigquery?project=dat-analytics-eng-ec869189&j=bq:EU:9a2ce9f1-3150-4da7-8270-209b578da872&page=queryresults
[0m15:54:23.948514 [debug] [Thread-6 (]: BigQuery adapter: https://console.cloud.google.com/bigquery?project=dat-analytics-eng-ec869189&j=bq:EU:cf57b304-29f4-407e-93b0-1ace436edf91&page=queryresults
[0m15:54:24.170274 [debug] [Thread-3 (]: On seed.orcid_role_identifier.org_type_scores: /* {"app": "dbt", "dbt_version": "1.12.0", "profile_name": "orcid_role_identifier", "target_name": "dev", "node_id": "seed.orcid_role_identifier.org_type_scores"} */

    alter table `dat-analytics-eng-ec869189`.`dev_orcid_role_identifier_seeds`.`org_type_scores` set OPTIONS()
  
[0m15:54:24.252531 [debug] [Thread-4 (]: SQL status: OK in 0.379 seconds
[0m15:54:24.256122 [debug] [Thread-4 (]: Writing runtime SQL for node "seed.orcid_role_identifier.role_detail_map"
[0m15:54:24.265751 [debug] [Thread-4 (]: Sending event: {'category': 'dbt', 'action': 'run_model', 'label': 'ab2a22d0-d6d7-40cd-a52d-065c8c2ba518', 'context': [<snowplow_tracker.self_describing_json.SelfDescribingJson object at 0x000002837BADACD0>]}
[0m15:54:24.267313 [info ] [Thread-4 (]: 4 of 6 OK loaded seed file dev_orcid_role_identifier_seeds.role_detail_map ..... [[32mINSERT 27[0m in 5.49s]
[0m15:54:24.269088 [debug] [Thread-4 (]: Finished running node seed.orcid_role_identifier.role_detail_map
[0m15:54:24.357041 [debug] [Thread-6 (]: SQL status: OK in 0.408 seconds
[0m15:54:24.360155 [debug] [Thread-6 (]: Writing runtime SQL for node "seed.orcid_role_identifier.title_group_anchors"
[0m15:54:24.369794 [debug] [Thread-6 (]: Sending event: {'category': 'dbt', 'action': 'run_model', 'label': 'ab2a22d0-d6d7-40cd-a52d-065c8c2ba518', 'context': [<snowplow_tracker.self_describing_json.SelfDescribingJson object at 0x000002837B890830>]}
[0m15:54:24.371517 [info ] [Thread-6 (]: 6 of 6 OK loaded seed file dev_orcid_role_identifier_seeds.title_group_anchors . [[32mINSERT 118[0m in 5.58s]
[0m15:54:24.373160 [debug] [Thread-6 (]: Finished running node seed.orcid_role_identifier.title_group_anchors
[0m15:54:24.461718 [debug] [Thread-3 (]: BigQuery adapter: https://console.cloud.google.com/bigquery?project=dat-analytics-eng-ec869189&j=bq:EU:aa7c3227-7531-4f66-bfee-32fa01a78b96&page=queryresults
[0m15:54:24.698567 [debug] [Thread-3 (]: SQL status: OK in 0.236 seconds
[0m15:54:24.701737 [debug] [Thread-3 (]: Writing runtime SQL for node "seed.orcid_role_identifier.org_type_scores"
[0m15:54:24.709518 [debug] [Thread-3 (]: Sending event: {'category': 'dbt', 'action': 'run_model', 'label': 'ab2a22d0-d6d7-40cd-a52d-065c8c2ba518', 'context': [<snowplow_tracker.self_describing_json.SelfDescribingJson object at 0x000002837BC4D370>]}
[0m15:54:24.710838 [info ] [Thread-3 (]: 3 of 6 OK loaded seed file dev_orcid_role_identifier_seeds.org_type_scores ..... [[32mINSERT 50[0m in 5.92s]
[0m15:54:24.712503 [debug] [Thread-3 (]: Finished running node seed.orcid_role_identifier.org_type_scores
[0m15:54:24.717154 [debug] [MainThread]: Opening a new connection, currently in state closed
[0m15:54:24.718639 [debug] [MainThread]: Connection 'master' was properly closed.
[0m15:54:24.719336 [debug] [MainThread]: Connection 'list_dat-analytics-eng-ec869189' was properly closed.
[0m15:54:24.719989 [debug] [MainThread]: Connection 'list_dat-analytics-eng-ec869189_dev_orcid_role_identifier_presentation' was properly closed.
[0m15:54:24.720879 [debug] [MainThread]: Connection 'list_dat-analytics-eng-ec869189_dev_orcid_role_identifier_dictionary' was properly closed.
[0m15:54:24.721453 [debug] [MainThread]: Connection 'list_dat-analytics-eng-ec869189_dev_orcid_role_identifier_scoring' was properly closed.
[0m15:54:24.721918 [debug] [MainThread]: Connection 'list_dat-analytics-eng-ec869189_dev_orcid_role_identifier_staging' was properly closed.
[0m15:54:24.722400 [debug] [MainThread]: Connection 'list_dat-analytics-eng-ec869189_dev_orcid_role_identifier_raw' was properly closed.
[0m15:54:24.723123 [debug] [MainThread]: Connection 'list_dat-analytics-eng-ec869189_dev_orcid_role_identifier_seeds' was properly closed.
[0m15:54:24.723952 [debug] [MainThread]: Connection 'seed.orcid_role_identifier.discipline_anchors' was properly closed.
[0m15:54:24.724375 [debug] [MainThread]: Connection 'seed.orcid_role_identifier.role_detail_map' was properly closed.
[0m15:54:24.724717 [debug] [MainThread]: Connection 'seed.orcid_role_identifier.role_title_overrides' was properly closed.
[0m15:54:24.725026 [debug] [MainThread]: Connection 'seed.orcid_role_identifier.org_name_patterns' was properly closed.
[0m15:54:24.725414 [debug] [MainThread]: Connection 'seed.orcid_role_identifier.org_type_scores' was properly closed.
[0m15:54:24.725844 [debug] [MainThread]: Connection 'seed.orcid_role_identifier.title_group_anchors' was properly closed.
[0m15:54:24.726326 [info ] [MainThread]: 
[0m15:54:24.727170 [info ] [MainThread]: Finished running 6 seeds in 0 hours 0 minutes and 10.70 seconds (10.70s).
[0m15:54:24.729643 [debug] [MainThread]: Command end result
[0m15:54:24.824003 [debug] [MainThread]: Wrote artifact WritableManifest to C:\analytics_engineering_dbt\orcid_role_identifier\target\manifest.json
[0m15:54:24.827637 [debug] [MainThread]: Wrote artifact SemanticManifest to C:\analytics_engineering_dbt\orcid_role_identifier\target\semantic_manifest.json
[0m15:54:24.830957 [debug] [MainThread]: Wrote artifact OsiDocument to C:\analytics_engineering_dbt\orcid_role_identifier\target\osi_document.json
[0m15:54:24.840246 [debug] [MainThread]: Wrote artifact RunExecutionResult to C:\analytics_engineering_dbt\orcid_role_identifier\target\run_results.json
[0m15:54:24.840945 [info ] [MainThread]: 
[0m15:54:24.841690 [info ] [MainThread]: [32mCompleted successfully[0m
[0m15:54:24.842128 [info ] [MainThread]: 
[0m15:54:24.842787 [info ] [MainThread]: Done. PASS=6 WARN=0 ERROR=0 SKIP=0 NO-OP=0 REUSED=0 TOTAL=6
[0m15:54:24.843908 [debug] [MainThread]: Command `dbt seed` succeeded at 15:54:24.843792 after 15.47 seconds
[0m15:54:24.844308 [debug] [MainThread]: Sending event: {'category': 'dbt', 'action': 'invocation', 'label': 'end', 'context': [<snowplow_tracker.self_describing_json.SelfDescribingJson object at 0x000002835C6AEBD0>, <snowplow_tracker.self_describing_json.SelfDescribingJson object at 0x000002837BBE9370>, <snowplow_tracker.self_describing_json.SelfDescribingJson object at 0x000002837BBEBE90>]}
[0m15:54:24.844802 [debug] [MainThread]: Flushing usage events
[0m15:54:25.802366 [debug] [MainThread]: An error was encountered while trying to flush usage events
[0m15:54:36.949869 [debug] [MainThread]: Sending event: {'category': 'dbt', 'action': 'invocation', 'label': 'start', 'context': [<snowplow_tracker.self_describing_json.SelfDescribingJson object at 0x0000021DA647A510>, <snowplow_tracker.self_describing_json.SelfDescribingJson object at 0x0000021DA8A8BED0>, <snowplow_tracker.self_describing_json.SelfDescribingJson object at 0x0000021DA8A8BB10>]}


============================== 15:54:36.955014 | f46313a9-7177-4c59-ad9e-fd9dc2972dce ==============================
[0m15:54:36.955014 [info ] [MainThread]: Running with dbt=1.12.0
[0m15:54:36.956113 [debug] [MainThread]: running dbt with arguments {'static_parser': 'True', 'no_print': 'None', 'version_check': 'True', 'target_path': 'None', 'maximum_seed_size_mib': '1', 'warn_error_options': 'WarnErrorOptionsV2(error=[], warn=[], silence=[])', 'printer_width': '80', 'write_json': 'True', 'empty': 'False', 'log_cache_events': 'False', 'introspect': 'True', 'cache_selected_only': 'False', 'log_format': 'default', 'debug': 'False', 'fail_fast': 'False', 'partial_parse': 'True', 'send_anonymous_usage_stats': 'True', 'quiet': 'False', 'warn_error': 'None', 'profiles_dir': 'C:\\analytics_engineering_dbt\\orcid_role_identifier', 'invocation_command': 'dbt run', 'hints_enabled': 'True', 'indirect_selection': 'eager', 'use_experimental_parser': 'False', 'use_colors': 'True', 'log_path': 'C:\\analytics_engineering_dbt\\orcid_role_identifier\\logs'}
[0m15:54:39.821641 [debug] [MainThread]: Sending event: {'category': 'dbt', 'action': 'project_id', 'label': 'f46313a9-7177-4c59-ad9e-fd9dc2972dce', 'context': [<snowplow_tracker.self_describing_json.SelfDescribingJson object at 0x0000021DA69BCC30>]}
[0m15:54:40.085079 [debug] [MainThread]: Sending event: {'category': 'dbt', 'action': 'adapter_info', 'label': 'f46313a9-7177-4c59-ad9e-fd9dc2972dce', 'context': [<snowplow_tracker.self_describing_json.SelfDescribingJson object at 0x0000021DC71786B0>]}
[0m15:54:40.087877 [info ] [MainThread]: Registered adapter: bigquery=1.12.0
[0m15:54:41.188016 [debug] [MainThread]: checksum: 06d061997f46e5ca1259b0fae4fe9e9dedb1949b16edb4376a9dd3cef0739338, vars: {}, profile: orcid_role_identifier, target: dev, version: 1.12.0
[0m15:54:41.484085 [debug] [MainThread]: Partial parsing enabled: 0 files deleted, 0 files added, 0 files changed.
[0m15:54:41.484522 [debug] [MainThread]: Nothing changed, skipping partial parsing.
[0m15:54:41.484758 [debug] [MainThread]: Partial parsing enabled, no changes found, skipping parsing
[0m15:54:41.497466 [debug] [MainThread]: Sending event: {'category': 'dbt', 'action': 'load_project', 'label': 'f46313a9-7177-4c59-ad9e-fd9dc2972dce', 'context': [<snowplow_tracker.self_describing_json.SelfDescribingJson object at 0x0000021DC77EBC50>]}
[0m15:54:41.738122 [debug] [MainThread]: Wrote artifact WritableManifest to C:\analytics_engineering_dbt\orcid_role_identifier\target\manifest.json
[0m15:54:41.742434 [debug] [MainThread]: Wrote artifact SemanticManifest to C:\analytics_engineering_dbt\orcid_role_identifier\target\semantic_manifest.json
[0m15:54:41.764758 [debug] [MainThread]: Wrote artifact OsiDocument to C:\analytics_engineering_dbt\orcid_role_identifier\target\osi_document.json
[0m15:54:41.785739 [debug] [MainThread]: Sending event: {'category': 'dbt', 'action': 'resource_counts', 'label': 'f46313a9-7177-4c59-ad9e-fd9dc2972dce', 'context': [<snowplow_tracker.self_describing_json.SelfDescribingJson object at 0x0000021DC79098B0>]}
[0m15:54:41.786426 [info ] [MainThread]: Found 26 models, 15 analyses, 44 data tests, 6 seeds, 4 sources, 699 macros
[0m15:54:41.787853 [debug] [MainThread]: Sending event: {'category': 'dbt', 'action': 'runnable_timing', 'label': 'f46313a9-7177-4c59-ad9e-fd9dc2972dce', 'context': [<snowplow_tracker.self_describing_json.SelfDescribingJson object at 0x0000021DC77FBAF0>]}
[0m15:54:41.793776 [info ] [MainThread]: 
[0m15:54:41.795859 [info ] [MainThread]: Concurrency: 8 threads (target='dev')
[0m15:54:41.796906 [info ] [MainThread]: 
[0m15:54:41.798465 [debug] [MainThread]: Acquiring new bigquery connection 'master'
[0m15:54:41.813787 [debug] [ThreadPool]: Acquiring new bigquery connection 'list_dat-analytics-eng-ec869189'
[0m15:54:41.814972 [debug] [ThreadPool]: Opening a new connection, currently in state init
[0m15:54:41.816396 [debug] [ThreadPool]: Acquiring new bigquery connection 'list_dat-analytics-eng-ec869189'
[0m15:54:41.818174 [debug] [ThreadPool]: Opening a new connection, currently in state init
[0m15:54:41.819309 [debug] [ThreadPool]: Acquiring new bigquery connection 'list_dat-analytics-eng-ec869189'
[0m15:54:41.820861 [debug] [ThreadPool]: Opening a new connection, currently in state init
[0m15:54:41.822513 [debug] [ThreadPool]: Acquiring new bigquery connection 'list_dat-analytics-eng-ec869189'
[0m15:54:41.824544 [debug] [ThreadPool]: Acquiring new bigquery connection 'list_dat-analytics-eng-ec869189'
[0m15:54:41.825805 [debug] [ThreadPool]: Opening a new connection, currently in state init
[0m15:54:41.827027 [debug] [ThreadPool]: Opening a new connection, currently in state init
[0m15:54:46.642650 [debug] [ThreadPool]: Re-using an available connection from the pool (formerly list_dat-analytics-eng-ec869189, now create_dat-analytics-eng-ec869189_dev_orcid_role_identifier_dictionary)
[0m15:54:46.644268 [debug] [ThreadPool]: Re-using an available connection from the pool (formerly list_dat-analytics-eng-ec869189, now create_dat-analytics-eng-ec869189_dev_orcid_role_identifier_scoring)
[0m15:54:46.645174 [debug] [ThreadPool]: Re-using an available connection from the pool (formerly list_dat-analytics-eng-ec869189, now create_dat-analytics-eng-ec869189_dev_orcid_role_identifier_raw)
[0m15:54:46.646172 [debug] [ThreadPool]: Re-using an available connection from the pool (formerly list_dat-analytics-eng-ec869189, now create_dat-analytics-eng-ec869189_dev_orcid_role_identifier_presentation)
[0m15:54:46.647050 [debug] [ThreadPool]: Re-using an available connection from the pool (formerly list_dat-analytics-eng-ec869189, now create_dat-analytics-eng-ec869189_dev_orcid_role_identifier_staging)
[0m15:54:46.648055 [debug] [ThreadPool]: Creating schema "database: "dat-analytics-eng-ec869189"
schema: "dev_orcid_role_identifier_dictionary"
"
[0m15:54:46.649312 [debug] [ThreadPool]: Creating schema "database: "dat-analytics-eng-ec869189"
schema: "dev_orcid_role_identifier_scoring"
"
[0m15:54:46.650795 [debug] [ThreadPool]: Creating schema "database: "dat-analytics-eng-ec869189"
schema: "dev_orcid_role_identifier_raw"
"
[0m15:54:46.652092 [debug] [ThreadPool]: Creating schema "database: "dat-analytics-eng-ec869189"
schema: "dev_orcid_role_identifier_presentation"
"
[0m15:54:46.653116 [debug] [ThreadPool]: Creating schema "database: "dat-analytics-eng-ec869189"
schema: "dev_orcid_role_identifier_staging"
"
[0m15:54:46.681277 [debug] [ThreadPool]: On create_dat-analytics-eng-ec869189_dev_orcid_role_identifier_dictionary: /* {"app": "dbt", "dbt_version": "1.12.0", "profile_name": "orcid_role_identifier", "target_name": "dev", "connection_name": "create_dat-analytics-eng-ec869189_dev_orcid_role_identifier_dictionary"} */
create schema if not exists `dat-analytics-eng-ec869189`.`dev_orcid_role_identifier_dictionary`
  
[0m15:54:46.684829 [debug] [ThreadPool]: On create_dat-analytics-eng-ec869189_dev_orcid_role_identifier_scoring: /* {"app": "dbt", "dbt_version": "1.12.0", "profile_name": "orcid_role_identifier", "target_name": "dev", "connection_name": "create_dat-analytics-eng-ec869189_dev_orcid_role_identifier_scoring"} */
create schema if not exists `dat-analytics-eng-ec869189`.`dev_orcid_role_identifier_scoring`
  
[0m15:54:46.688938 [debug] [ThreadPool]: On create_dat-analytics-eng-ec869189_dev_orcid_role_identifier_raw: /* {"app": "dbt", "dbt_version": "1.12.0", "profile_name": "orcid_role_identifier", "target_name": "dev", "connection_name": "create_dat-analytics-eng-ec869189_dev_orcid_role_identifier_raw"} */
create schema if not exists `dat-analytics-eng-ec869189`.`dev_orcid_role_identifier_raw`
  
[0m15:54:46.692113 [debug] [ThreadPool]: On create_dat-analytics-eng-ec869189_dev_orcid_role_identifier_presentation: /* {"app": "dbt", "dbt_version": "1.12.0", "profile_name": "orcid_role_identifier", "target_name": "dev", "connection_name": "create_dat-analytics-eng-ec869189_dev_orcid_role_identifier_presentation"} */
create schema if not exists `dat-analytics-eng-ec869189`.`dev_orcid_role_identifier_presentation`
  
[0m15:54:46.694802 [debug] [ThreadPool]: On create_dat-analytics-eng-ec869189_dev_orcid_role_identifier_staging: /* {"app": "dbt", "dbt_version": "1.12.0", "profile_name": "orcid_role_identifier", "target_name": "dev", "connection_name": "create_dat-analytics-eng-ec869189_dev_orcid_role_identifier_staging"} */
create schema if not exists `dat-analytics-eng-ec869189`.`dev_orcid_role_identifier_staging`
  
[0m15:54:46.695652 [debug] [ThreadPool]: Opening a new connection, currently in state closed
[0m15:54:46.696387 [debug] [ThreadPool]: Opening a new connection, currently in state closed
[0m15:54:46.697091 [debug] [ThreadPool]: Opening a new connection, currently in state closed
[0m15:54:46.697706 [debug] [ThreadPool]: Opening a new connection, currently in state closed
[0m15:54:46.698268 [debug] [ThreadPool]: Opening a new connection, currently in state closed
[0m15:54:47.960596 [debug] [ThreadPool]: BigQuery adapter: https://console.cloud.google.com/bigquery?project=dat-analytics-eng-ec869189&j=bq:EU:88d992ba-591d-4692-8868-e25a06eb3c3f&page=queryresults
[0m15:54:47.966346 [debug] [ThreadPool]: BigQuery adapter: https://console.cloud.google.com/bigquery?project=dat-analytics-eng-ec869189&j=bq:EU:53ad06d0-99e8-43e1-9385-7cf8e4a2394a&page=queryresults
[0m15:54:47.982093 [debug] [ThreadPool]: BigQuery adapter: https://console.cloud.google.com/bigquery?project=dat-analytics-eng-ec869189&j=bq:EU:61d7addf-14c4-474a-9413-c25f3a9d9200&page=queryresults
[0m15:54:47.990114 [debug] [ThreadPool]: BigQuery adapter: https://console.cloud.google.com/bigquery?project=dat-analytics-eng-ec869189&j=bq:EU:7e50aefe-a445-46b4-b75f-e0e8e1e83ae0&page=queryresults
[0m15:54:48.285733 [debug] [ThreadPool]: BigQuery adapter: https://console.cloud.google.com/bigquery?project=dat-analytics-eng-ec869189&j=bq:EU:e2eb795d-1921-4e7e-8634-6dca7610ecdb&page=queryresults
[0m15:54:49.956980 [debug] [ThreadPool]: SQL status: OK in 1.989 seconds
[0m15:54:49.971665 [debug] [ThreadPool]: SQL status: OK in 1.980 seconds
[0m15:54:50.259568 [debug] [ThreadPool]: SQL status: OK in 1.972 seconds
[0m15:54:50.535037 [debug] [ThreadPool]: SQL status: OK in 2.573 seconds
[0m15:54:51.118629 [debug] [ThreadPool]: SQL status: OK in 3.135 seconds
[0m15:54:51.133671 [debug] [ThreadPool]: Acquiring new bigquery connection 'list_dat-analytics-eng-ec869189_dev_orcid_role_identifier_seeds'
[0m15:54:51.135145 [debug] [ThreadPool]: Opening a new connection, currently in state init
[0m15:54:51.136301 [debug] [ThreadPool]: Acquiring new bigquery connection 'list_dat-analytics-eng-ec869189_dev_orcid_role_identifier_dictionary'
[0m15:54:51.138487 [debug] [ThreadPool]: Opening a new connection, currently in state init
[0m15:54:51.139706 [debug] [ThreadPool]: Acquiring new bigquery connection 'list_dat-analytics-eng-ec869189_dev_orcid_role_identifier_staging'
[0m15:54:51.142851 [debug] [ThreadPool]: Acquiring new bigquery connection 'list_dat-analytics-eng-ec869189_dev_orcid_role_identifier_scoring'
[0m15:54:51.143645 [debug] [ThreadPool]: Opening a new connection, currently in state init
[0m15:54:51.146279 [debug] [ThreadPool]: Opening a new connection, currently in state init
[0m15:54:51.148257 [debug] [ThreadPool]: Acquiring new bigquery connection 'list_dat-analytics-eng-ec869189_dev_orcid_role_identifier_raw'
[0m15:54:51.152956 [debug] [ThreadPool]: Acquiring new bigquery connection 'list_dat-analytics-eng-ec869189_dev_orcid_role_identifier_presentation'
[0m15:54:51.154600 [debug] [ThreadPool]: Opening a new connection, currently in state init
[0m15:54:51.159113 [debug] [ThreadPool]: Opening a new connection, currently in state init
[0m15:54:52.781522 [debug] [MainThread]: Sending event: {'category': 'dbt', 'action': 'runnable_timing', 'label': 'f46313a9-7177-4c59-ad9e-fd9dc2972dce', 'context': [<snowplow_tracker.self_describing_json.SelfDescribingJson object at 0x0000021DC7B9CFC0>]}
[0m15:54:52.783140 [debug] [MainThread]: Opening a new connection, currently in state init
[0m15:54:52.799304 [debug] [Thread-2 (]: Began running node model.orcid_role_identifier.raw_audience_builder_big
[0m15:54:52.802670 [debug] [Thread-1 (]: Began running node model.orcid_role_identifier.int_anchor_terms
[0m15:54:52.803951 [debug] [Thread-3 (]: Began running node model.orcid_role_identifier.raw_orcid_researchers
[0m15:54:52.801564 [info ] [Thread-2 (]: 2 of 26 START sql view model dev_orcid_role_identifier_raw.raw_audience_builder_big  [RUN]
[0m15:54:52.804982 [debug] [Thread-4 (]: Began running node model.orcid_role_identifier.raw_ror_data_refresh
[0m15:54:52.806107 [info ] [Thread-1 (]: 1 of 26 START sql table model dev_orcid_role_identifier_dictionary.int_anchor_terms  [RUN]
[0m15:54:52.811798 [debug] [Thread-2 (]: Acquiring new bigquery connection 'model.orcid_role_identifier.raw_audience_builder_big'
[0m15:54:52.816812 [debug] [Thread-2 (]: Began compiling node model.orcid_role_identifier.raw_audience_builder_big
[0m15:54:52.807368 [info ] [Thread-3 (]: 3 of 26 START sql view model dev_orcid_role_identifier_raw.raw_orcid_researchers  [RUN]
[0m15:54:52.815975 [debug] [Thread-1 (]: Acquiring new bigquery connection 'model.orcid_role_identifier.int_anchor_terms'
[0m15:54:52.837570 [debug] [Thread-2 (]: Writing injected SQL for node "model.orcid_role_identifier.raw_audience_builder_big"
[0m15:54:52.814470 [info ] [Thread-4 (]: 4 of 26 START sql view model dev_orcid_role_identifier_raw.raw_ror_data_refresh  [RUN]
[0m15:54:52.839263 [debug] [Thread-3 (]: Acquiring new bigquery connection 'model.orcid_role_identifier.raw_orcid_researchers'
[0m15:54:52.840612 [debug] [Thread-1 (]: Began compiling node model.orcid_role_identifier.int_anchor_terms
[0m15:54:52.842067 [debug] [Thread-4 (]: Acquiring new bigquery connection 'model.orcid_role_identifier.raw_ror_data_refresh'
[0m15:54:52.842891 [debug] [Thread-3 (]: Began compiling node model.orcid_role_identifier.raw_orcid_researchers
[0m15:54:52.864432 [debug] [Thread-1 (]: Writing injected SQL for node "model.orcid_role_identifier.int_anchor_terms"
[0m15:54:52.865353 [debug] [Thread-4 (]: Began compiling node model.orcid_role_identifier.raw_ror_data_refresh
[0m15:54:52.872449 [debug] [Thread-3 (]: Writing injected SQL for node "model.orcid_role_identifier.raw_orcid_researchers"
[0m15:54:52.879853 [debug] [Thread-4 (]: Writing injected SQL for node "model.orcid_role_identifier.raw_ror_data_refresh"
[0m15:54:52.888206 [debug] [Thread-2 (]: Began executing node model.orcid_role_identifier.raw_audience_builder_big
[0m15:54:52.946372 [debug] [Thread-2 (]: Writing runtime sql for node "model.orcid_role_identifier.raw_audience_builder_big"
[0m15:54:52.947444 [debug] [Thread-1 (]: Began executing node model.orcid_role_identifier.int_anchor_terms
[0m15:54:52.948043 [debug] [Thread-3 (]: Began executing node model.orcid_role_identifier.raw_orcid_researchers
[0m15:54:52.988720 [debug] [Thread-3 (]: Writing runtime sql for node "model.orcid_role_identifier.raw_orcid_researchers"
[0m15:54:53.014050 [debug] [Thread-1 (]: Writing runtime sql for node "model.orcid_role_identifier.int_anchor_terms"
[0m15:54:53.015645 [debug] [Thread-4 (]: Began executing node model.orcid_role_identifier.raw_ror_data_refresh
[0m15:54:53.019337 [debug] [Thread-4 (]: Writing runtime sql for node "model.orcid_role_identifier.raw_ror_data_refresh"
[0m15:54:53.033116 [debug] [Thread-1 (]: On model.orcid_role_identifier.int_anchor_terms: /* {"app": "dbt", "dbt_version": "1.12.0", "profile_name": "orcid_role_identifier", "target_name": "dev", "node_id": "model.orcid_role_identifier.int_anchor_terms"} */

  
    

    create or replace table `dat-analytics-eng-ec869189`.`dev_orcid_role_identifier_dictionary`.`int_anchor_terms`
      
    
    

    
    OPTIONS(
      description="""Anchor terms per role (seed + ESCO), plus the '__distractor' pseudo-role holding common non-target occupations.\n"""
    )
    as (
      

/*
    ANCHORS FOR BOTH AXES

    An anchor is an example that defines what a group looks like. We embed
    the anchors once, embed the real values once, and the nearest group
    wins. They are the only hand-written input in the whole dictionary.

        axis = 'title'       9 groups, matched against job titles
        axis = 'discipline' 12 groups, matched against department names

    The two axes answer different questions, which is why they are
    separate. Measured: assigning a discipline from the job title leaves
    73.5% of records unusable, because the common titles - professor,
    lecturer, postdoc - state a rung on the academic ladder, not a field.
    From the department the same method leaves 1.6% unusable.

    There is no '__distractor' list any more. With 21 groups competing,
    the non-target groups are the distractors.
*/

select
    'title'                                 as axis,
    title_group                             as group_key,
    
    NULLIF(TRIM(REGEXP_REPLACE(
        
    NULLIF(
        TRIM(
            REGEXP_REPLACE(
                REGEXP_REPLACE(
                    LOWER(NORMALIZE_AND_CASEFOLD(COALESCE(anchor_term, ''), NFKC)),
                    r'[^\p{L}\p{N}\s&/+-]', ' '
                ),
                r'\s+', ' '
            )
        ),
        ''
    )

,
        r'\s+', ' '
    )), '')
    as anchor_term,
    language_code,
    note
from `dat-analytics-eng-ec869189`.`dev_orcid_role_identifier_seeds`.`title_group_anchors`

union all

select
    'discipline'                            as axis,
    discipline                              as group_key,
    
    NULLIF(TRIM(REGEXP_REPLACE(
        
    NULLIF(
        TRIM(
            REGEXP_REPLACE(
                REGEXP_REPLACE(
                    LOWER(NORMALIZE_AND_CASEFOLD(COALESCE(anchor_term, ''), NFKC)),
                    r'[^\p{L}\p{N}\s&/+-]', ' '
                ),
                r'\s+', ' '
            )
        ),
        ''
    )

,
        r'\s+', ' '
    )), '')
    as anchor_term,
    language_code,
    note
from `dat-analytics-eng-ec869189`.`dev_orcid_role_identifier_seeds`.`discipline_anchors`
    );
  
[0m15:54:53.034207 [debug] [Thread-1 (]: Opening a new connection, currently in state init
[0m15:54:53.037667 [debug] [Thread-2 (]: On model.orcid_role_identifier.raw_audience_builder_big: /* {"app": "dbt", "dbt_version": "1.12.0", "profile_name": "orcid_role_identifier", "target_name": "dev", "node_id": "model.orcid_role_identifier.raw_audience_builder_big"} */


  create or replace view `dat-analytics-eng-ec869189`.`dev_orcid_role_identifier_raw`.`raw_audience_builder_big`
  OPTIONS(
      description="""CDP contacts, narrowed to the four columns this pipeline consumes: snid, email, mkt_pref_opt_in, advertising_opt_in. Presence in this table is what \"in_cdp\" means downstream. Phase-2 behavioural columns are deliberately left out until behaviour is scored.\n"""
    )
  as 

/*
    RAW LAYER - audience_builder_big  (CDP)

    Only the columns this pipeline actually consumes.

    WHY THESE FOUR:
      snid                identity - the join key to ORCID
      email               contact_email in the Braze contract
      mkt_pref_opt_in     consent to be contacted for marketing
      advertising_opt_in  consent to be targeted via paid channels

    Presence in this table is itself the signal for "in_cdp" - the
    downstream LEFT JOIN derives that, so it is not a column here.

    WHY NOT MORE:
    The Phase-2 behavioural signals (subject labels, submission imprint,
    eTOC engagement, OA article counts) live in CDP too, but this
    pipeline does not score behaviour yet. When it does, add the columns
    then - guessing now would carry cost for nothing.

    Country is deliberately NOT taken from here: ORCID gives us a
    per-employment country (organisation_address_country_code), which is
    more accurate than a profile-level one. A person can have a German
    profile and a UK post.

    !! VERIFY: the dataset holding this table. It is currently declared
       under researcher_profiles in models/raw/_sources.yml, taken from
       the Phase-2 document rather than from the schema.
*/

select
    snid,
    email,
    mkt_pref_opt_in,
    advertising_opt_in
from `dat-analytics-eng-ec869189`.`prod_audience_explorer_analytics_dbt_presentation`.`audience_builder_big`
where snid is not null;


[0m15:54:53.039081 [debug] [Thread-2 (]: Opening a new connection, currently in state init
[0m15:54:53.041125 [debug] [Thread-3 (]: On model.orcid_role_identifier.raw_orcid_researchers: /* {"app": "dbt", "dbt_version": "1.12.0", "profile_name": "orcid_role_identifier", "target_name": "dev", "node_id": "model.orcid_role_identifier.raw_orcid_researchers"} */


  create or replace view `dat-analytics-eng-ec869189`.`dev_orcid_role_identifier_raw`.`raw_orcid_researchers`
  OPTIONS(
      description="""orcid_researchers as-is, plus the VISIBILITY FILTER and the SNID filter. Non-public records are dropped from the arrays here so no model above needs to repeat the condition.\n"""
    )
  as 

/*
    RAW LAYER - orcid_researchers

    Its only job: surface the source as-is, plus the VISIBILITY FILTER.

    We will never use non-public data anywhere, so the filter is applied
    once here; no model above this needs to know about visibility.

    In ORCID visibility is per RECORD: the same person can have one
    employment marked PUBLIC and another PRIVATE. So the arrays are
    rebuilt - we drop records, not people.

    Note the snid filter: the table holds 24.8M ORCID profiles but only
    ~1.76M carry an SNID. Without an SNID the person is unreachable, so
    they never enter the pipeline.
*/



select
    snid,
    orcid_id,
    created_at,
    last_updated_at,
    name,
    biography,
    country_codes,
    keywords,

    
    -- keep PUBLIC records only; array shape is preserved
    array(select e from unnest(employments)  e where upper(e.visibility) = 'PUBLIC') as employments,
    array(select d from unnest(educations)   d where upper(d.visibility) = 'PUBLIC') as educations,
    array(select p from unnest(publications) p where upper(p.visibility) = 'PUBLIC') as publications,
    array(select m from unnest(emails)       m where upper(m.visibility) = 'PUBLIC') as emails,
    array(select v from unnest(peer_reviews) v where upper(v.visibility) = 'PUBLIC') as peer_reviews
    

from `researcher-360-prod-e7fd74be`.`researcher_profiles`.`orcid_researchers`
where snid is not null;


[0m15:54:53.042293 [debug] [Thread-3 (]: Opening a new connection, currently in state init
[0m15:54:53.046227 [debug] [Thread-4 (]: On model.orcid_role_identifier.raw_ror_data_refresh: /* {"app": "dbt", "dbt_version": "1.12.0", "profile_name": "orcid_role_identifier", "target_name": "dev", "node_id": "model.orcid_role_identifier.raw_ror_data_refresh"} */


  create or replace view `dat-analytics-eng-ec869189`.`dev_orcid_role_identifier_raw`.`raw_ror_data_refresh`
  OPTIONS(
      description="""ror_data_refresh as-is (separate project)."""
    )
  as 

/*
    RAW LAYER - ror_data_refresh  (SEPARATE PROJECT)
    The ROR organisation registry, not a local matching output.
*/

select * from `ri-data-engineering-dd4c0eca`.`ror`.`ror_data_refresh`;


[0m15:54:53.048470 [debug] [Thread-4 (]: Opening a new connection, currently in state init
[0m15:54:54.258710 [debug] [Thread-3 (]: BigQuery adapter: https://console.cloud.google.com/bigquery?project=dat-analytics-eng-ec869189&j=bq:EU:098b52db-8e12-4308-bad5-7a7b79da2cdb&page=queryresults
[0m15:54:54.259981 [debug] [Thread-1 (]: BigQuery adapter: https://console.cloud.google.com/bigquery?project=dat-analytics-eng-ec869189&j=bq:EU:2b38ab02-2aab-44bd-8b40-05e24e19520e&page=queryresults
[0m15:54:54.289223 [debug] [Thread-2 (]: BigQuery adapter: https://console.cloud.google.com/bigquery?project=dat-analytics-eng-ec869189&j=bq:EU:6c20c895-2d50-4c4a-9405-98f6dff54654&page=queryresults
[0m15:54:54.345650 [debug] [Thread-4 (]: BigQuery adapter: https://console.cloud.google.com/bigquery?project=dat-analytics-eng-ec869189&j=bq:EU:687f7d68-78be-4abc-bce4-807607cbe09b&page=queryresults
[0m15:54:54.608912 [debug] [Thread-2 (]: SQL status: OK in 0.319 seconds
[0m15:54:54.632655 [debug] [Thread-3 (]: SQL status: OK in 0.372 seconds
[0m15:54:54.912098 [debug] [Thread-4 (]: SQL status: OK in 0.566 seconds
[0m15:54:55.314443 [debug] [Thread-4 (]: Sending event: {'category': 'dbt', 'action': 'run_model', 'label': 'f46313a9-7177-4c59-ad9e-fd9dc2972dce', 'context': [<snowplow_tracker.self_describing_json.SelfDescribingJson object at 0x0000021DC7DB4D10>]}
[0m15:54:55.316130 [info ] [Thread-4 (]: 4 of 26 OK created sql view model dev_orcid_role_identifier_raw.raw_ror_data_refresh  [[32mCREATE VIEW (0 processed)[0m in 2.47s]
[0m15:54:55.318590 [debug] [Thread-4 (]: Finished running node model.orcid_role_identifier.raw_ror_data_refresh
[0m15:54:55.320023 [debug] [Thread-5 (]: Began running node model.orcid_role_identifier.stg_ror__organisations
[0m15:54:55.321142 [info ] [Thread-5 (]: 5 of 26 START sql view model dev_orcid_role_identifier_staging.stg_ror__organisations  [RUN]
[0m15:54:55.323668 [debug] [Thread-5 (]: Acquiring new bigquery connection 'model.orcid_role_identifier.stg_ror__organisations'
[0m15:54:55.324911 [debug] [Thread-5 (]: Began compiling node model.orcid_role_identifier.stg_ror__organisations
[0m15:54:55.335029 [debug] [Thread-5 (]: Writing injected SQL for node "model.orcid_role_identifier.stg_ror__organisations"
[0m15:54:55.339471 [debug] [Thread-5 (]: Began executing node model.orcid_role_identifier.stg_ror__organisations
[0m15:54:55.347306 [debug] [Thread-5 (]: Writing runtime sql for node "model.orcid_role_identifier.stg_ror__organisations"
[0m15:54:55.351119 [debug] [Thread-5 (]: On model.orcid_role_identifier.stg_ror__organisations: /* {"app": "dbt", "dbt_version": "1.12.0", "profile_name": "orcid_role_identifier", "target_name": "dev", "node_id": "model.orcid_role_identifier.stg_ror__organisations"} */


  create or replace view `dat-analytics-eng-ec869189`.`dev_orcid_role_identifier_staging`.`stg_ror__organisations`
  OPTIONS(
      description="""ROR organisation registry. The organisation TYPE (Education / Healthcare / Company ...) comes from here and drives org scoring.\n"""
    )
  as 

/*
    ROR ORGANISATION REGISTRY

    WHAT IT IS FOR:
    Scoring needs the organisation TYPE. "Does this person work in a
    hospital, a university, or a bank?" The same title means different
    things in different settings:

        "Director" + hospital   -> healthcare administrator
        "Director" + bank       -> irrelevant

    Deriving the type from the NAME is unreliable ("St. Mary's Hosp." -
    a hospital?). A regex would miss hundreds of variants; this was a
    known weakness in Phase-1.

    ROR gives it to us directly: every organisation has an id and a TYPE.

        ror_id: 013czdx64
        name:   Heidelberg University Hospital
        types:  [Education, Healthcare]       <-- what we need

    These types are scored via seeds/org_type_scores.csv.

    ror_data_refresh is ROR's OWN registry dump (confirmed), not a
    previously produced matching output.

    !! VERIFY COLUMN NAMES:
       bq show --schema ri-data-engineering-dd4c0eca:ror.ror_data_refresh
*/

select
    id                                          as ror_id,
    name                                        as canonical_name,
    
    NULLIF(TRIM(REGEXP_REPLACE(
        
    NULLIF(
        TRIM(
            REGEXP_REPLACE(
                REGEXP_REPLACE(
                    LOWER(NORMALIZE_AND_CASEFOLD(COALESCE(name, ''), NFKC)),
                    r'[^\p{L}\p{N}\s&/+-]', ' '
                ),
                r'\s+', ' '
            )
        ),
        ''
    )

,
        r'\s+', ' '
    )), '')
               as organisation,     -- name-match key

    -- types is an ARRAY: a university hospital is both Education and Healthcare
    types                                       as ror_types,

    country.country_code                        as ror_country_code,

    -- non-ROR identifiers: RINGGOLD / GRID / FUNDREF / ISNI ...
    -- flattened by stg_ror__external_ids
    external_ids

from `dat-analytics-eng-ec869189`.`dev_orcid_role_identifier_raw`.`raw_ror_data_refresh`;


[0m15:54:55.352130 [debug] [Thread-5 (]: Opening a new connection, currently in state init
[0m15:54:55.441973 [debug] [Thread-1 (]: SQL status: OK in 1.181 seconds
[0m15:54:55.707864 [debug] [Thread-3 (]: Sending event: {'category': 'dbt', 'action': 'run_model', 'label': 'f46313a9-7177-4c59-ad9e-fd9dc2972dce', 'context': [<snowplow_tracker.self_describing_json.SelfDescribingJson object at 0x0000021DC7ECC5D0>]}
[0m15:54:55.709278 [info ] [Thread-3 (]: 3 of 26 OK created sql view model dev_orcid_role_identifier_raw.raw_orcid_researchers  [[32mCREATE VIEW (0 processed)[0m in 2.87s]
[0m15:54:55.710817 [debug] [Thread-3 (]: Finished running node model.orcid_role_identifier.raw_orcid_researchers
[0m15:54:55.711832 [debug] [Thread-6 (]: Began running node model.orcid_role_identifier.stg_orcid__employment
[0m15:54:55.712627 [info ] [Thread-6 (]: 6 of 26 START sql view model dev_orcid_role_identifier_staging.stg_orcid__employment  [RUN]
[0m15:54:55.713710 [debug] [Thread-6 (]: Acquiring new bigquery connection 'model.orcid_role_identifier.stg_orcid__employment'
[0m15:54:55.714142 [debug] [Thread-6 (]: Began compiling node model.orcid_role_identifier.stg_orcid__employment
[0m15:54:55.719023 [debug] [Thread-6 (]: Writing injected SQL for node "model.orcid_role_identifier.stg_orcid__employment"
[0m15:54:55.722067 [debug] [Thread-6 (]: Began executing node model.orcid_role_identifier.stg_orcid__employment
[0m15:54:55.726872 [debug] [Thread-6 (]: Writing runtime sql for node "model.orcid_role_identifier.stg_orcid__employment"
[0m15:54:55.729292 [debug] [Thread-6 (]: On model.orcid_role_identifier.stg_orcid__employment: /* {"app": "dbt", "dbt_version": "1.12.0", "profile_name": "orcid_role_identifier", "target_name": "dev", "node_id": "model.orcid_role_identifier.stg_orcid__employment"} */


  create or replace view `dat-analytics-eng-ec869189`.`dev_orcid_role_identifier_staging`.`stg_orcid__employment`
  OPTIONS(
      description="""ORCID employments[] mapped onto the common role record schema."""
    )
  as 

/*
    ORCID employments[] -> COMMON ROLE RECORD SCHEMA

    This model is ORCID-specific, but its OUTPUT is source-agnostic:
    every new source (web scraping, CDP self-reported, ...) produces the
    same columns and they meet in stg_role_records.

    The visibility filter was applied in the raw layer - not repeated here.
*/

with flattened as (

    select
        r.snid,
        r.orcid_id,
        r.last_updated_at,
        e.ordering,

        -- raw text, kept for evidence and traceability
        e.role                                          as role_title_raw,
        e.organisation_name                             as organisation_raw,
        e.department_name                               as department_raw,

        -- normalised text - all matching runs on these
        
    NULLIF(TRIM(REGEXP_REPLACE(
        
    NULLIF(
        TRIM(
            REGEXP_REPLACE(
                REGEXP_REPLACE(
                    LOWER(NORMALIZE_AND_CASEFOLD(COALESCE(e.role, ''), NFKC)),
                    r'[^\p{L}\p{N}\s&/+-]', ' '
                ),
                r'\s+', ' '
            )
        ),
        ''
    )

,
        r'\s+', ' '
    )), '')
                 as role_title,
        
    NULLIF(TRIM(REGEXP_REPLACE(
        
    NULLIF(
        TRIM(
            REGEXP_REPLACE(
                REGEXP_REPLACE(
                    LOWER(NORMALIZE_AND_CASEFOLD(COALESCE(e.organisation_name, ''), NFKC)),
                    r'[^\p{L}\p{N}\s&/+-]', ' '
                ),
                r'\s+', ' '
            )
        ),
        ''
    )

,
        r'\s+', ' '
    )), '')
    as organisation,
        
    NULLIF(TRIM(REGEXP_REPLACE(
        
    NULLIF(
        TRIM(
            REGEXP_REPLACE(
                REGEXP_REPLACE(
                    LOWER(NORMALIZE_AND_CASEFOLD(COALESCE(e.department_name, ''), NFKC)),
                    r'[^\p{L}\p{N}\s&/+-]', ' '
                ),
                r'\s+', ' '
            )
        ),
        ''
    )

,
        r'\s+', ' '
    )), '')
      as department,

        -- ORCID's own organisation identifier: ROR / GRID / RINGGOLD
        e.disambiguated_organisation_id                 as org_id,
        upper(e.disambiguated_organisation_source)      as org_id_source,

        -- per-record country, more accurate than the profile country
        e.organisation_address_country_code             as country_code,

        e.full_start_date                               as start_date,
        e.full_end_date                                 as end_date

    from `dat-analytics-eng-ec869189`.`dev_orcid_role_identifier_raw`.`raw_orcid_researchers` r,
    unnest(r.employments) e

)

select
    snid,
    orcid_id,
    role_title_raw,
    role_title,
    organisation_raw,
    organisation,
    department_raw,
    department,
    org_id,
    org_id_source,
    country_code,
    start_date,
    end_date,
    ordering,
    last_updated_at                                     as source_last_updated
from flattened
where role_title is not null;


[0m15:54:55.730036 [debug] [Thread-6 (]: Opening a new connection, currently in state init
[0m15:54:55.767284 [debug] [Thread-2 (]: Sending event: {'category': 'dbt', 'action': 'run_model', 'label': 'f46313a9-7177-4c59-ad9e-fd9dc2972dce', 'context': [<snowplow_tracker.self_describing_json.SelfDescribingJson object at 0x0000021DC7F37C50>]}
[0m15:54:55.768130 [info ] [Thread-2 (]: 2 of 26 OK created sql view model dev_orcid_role_identifier_raw.raw_audience_builder_big  [[32mCREATE VIEW (0 processed)[0m in 2.96s]
[0m15:54:55.768968 [debug] [Thread-2 (]: Finished running node model.orcid_role_identifier.raw_audience_builder_big
[0m15:54:56.037965 [debug] [Thread-1 (]: Sending event: {'category': 'dbt', 'action': 'run_model', 'label': 'f46313a9-7177-4c59-ad9e-fd9dc2972dce', 'context': [<snowplow_tracker.self_describing_json.SelfDescribingJson object at 0x0000021DC7D57F50>]}
[0m15:54:56.038824 [info ] [Thread-1 (]: 1 of 26 OK created sql table model dev_orcid_role_identifier_dictionary.int_anchor_terms  [[32mCREATE TABLE (280.0 rows, 10.6 KiB processed)[0m in 3.22s]
[0m15:54:56.039695 [debug] [Thread-1 (]: Finished running node model.orcid_role_identifier.int_anchor_terms
[0m15:54:56.040693 [debug] [Thread-7 (]: Began running node model.orcid_role_identifier.int_anchor_embeddings
[0m15:54:56.041393 [info ] [Thread-7 (]: 7 of 26 START sql incremental model dev_orcid_role_identifier_dictionary.int_anchor_embeddings  [RUN]
[0m15:54:56.042169 [debug] [Thread-7 (]: Acquiring new bigquery connection 'model.orcid_role_identifier.int_anchor_embeddings'
[0m15:54:56.042551 [debug] [Thread-7 (]: Began compiling node model.orcid_role_identifier.int_anchor_embeddings
[0m15:54:56.054338 [debug] [Thread-7 (]: Writing injected SQL for node "model.orcid_role_identifier.int_anchor_embeddings"
[0m15:54:56.060393 [debug] [Thread-7 (]: Began executing node model.orcid_role_identifier.int_anchor_embeddings
[0m15:54:56.135713 [debug] [Thread-7 (]: Writing runtime sql for node "model.orcid_role_identifier.int_anchor_embeddings"
[0m15:54:56.139509 [debug] [Thread-7 (]: On model.orcid_role_identifier.int_anchor_embeddings: /* {"app": "dbt", "dbt_version": "1.12.0", "profile_name": "orcid_role_identifier", "target_name": "dev", "node_id": "model.orcid_role_identifier.int_anchor_embeddings"} */

  
    

    create or replace table `dat-analytics-eng-ec869189`.`dev_orcid_role_identifier_dictionary`.`int_anchor_embeddings`
      
    
    

    
    OPTIONS(
      description=""""""
    )
    as (
      

/*
    The target vectors we search against. Must use the SAME model as
    int_title_embeddings - a different model makes the similarity
    scores meaningless.

    Same two guards as int_title_embeddings: an anchor that fails to
    embed would break VECTOR_SEARCH for every title.
*/

with anchors as (

    select anchor_key, role_key, anchor_term, polarity, language_code
    from `dat-analytics-eng-ec869189`.`dev_orcid_role_identifier_dictionary`.`int_anchor_terms`
    where length(anchor_term) between 2 and 200

    

)

select
    anchor_key,
    role_key,
    anchor_term,
    polarity,
    language_code,
    ml_generate_embedding_result    as embedding,
    current_timestamp()             as embedded_at
from ml.generate_embedding(
    model `datasn-rm-live.institution_disambiguation.embedding_model`,
    (select anchor_key, role_key, anchor_term, polarity, language_code,
            anchor_term as content
     from anchors)
)
where array_length(ml_generate_embedding_result) > 0
    );
  
[0m15:54:56.140816 [debug] [Thread-7 (]: Opening a new connection, currently in state init
[0m15:54:56.964816 [debug] [Thread-5 (]: BigQuery adapter: https://console.cloud.google.com/bigquery?project=dat-analytics-eng-ec869189&j=bq:EU:3a4d1560-4277-40d2-8a46-b377ef5d8588&page=queryresults
[0m15:54:57.034215 [error] [Thread-5 (]: BigQuery adapter: https://console.cloud.google.com/bigquery?project=dat-analytics-eng-ec869189&j=bq:EU:3a4d1560-4277-40d2-8a46-b377ef5d8588&page=queryresults
[0m15:54:57.076533 [debug] [Thread-6 (]: BigQuery adapter: https://console.cloud.google.com/bigquery?project=dat-analytics-eng-ec869189&j=bq:EU:04919c28-b65d-4731-9781-0d71013ff578&page=queryresults
[0m15:54:57.117010 [debug] [Thread-5 (]: Database Error in model stg_ror__organisations (models\staging\stg_ror__organisations.sql)
  Unrecognized name: name; Did you mean names? at [42:5]
  compiled code at target\run\orcid_role_identifier\models\staging\stg_ror__organisations.sql
[0m15:54:57.118460 [debug] [Thread-5 (]: Sending event: {'category': 'dbt', 'action': 'run_model', 'label': 'f46313a9-7177-4c59-ad9e-fd9dc2972dce', 'context': [<snowplow_tracker.self_describing_json.SelfDescribingJson object at 0x0000021DC7FF4BB0>]}
[0m15:54:57.120255 [error] [Thread-5 (]: 5 of 26 ERROR creating sql view model dev_orcid_role_identifier_staging.stg_ror__organisations  [[31mERROR[0m in 1.80s]
[0m15:54:57.122357 [debug] [Thread-5 (]: Finished running node model.orcid_role_identifier.stg_ror__organisations
[0m15:54:57.123445 [debug] [Thread-11 ]: Marking all children of 'model.orcid_role_identifier.stg_ror__organisations' to be skipped because of status 'error'.  Reason: Database Error in model stg_ror__organisations (models\staging\stg_ror__organisations.sql)
  Unrecognized name: name; Did you mean names? at [42:5]
  compiled code at target\run\orcid_role_identifier\models\staging\stg_ror__organisations.sql.
[0m15:54:57.127166 [debug] [Thread-8 (]: Began running node model.orcid_role_identifier.stg_ror__external_ids
[0m15:54:57.128278 [info ] [Thread-8 (]: 8 of 26 SKIP relation dev_orcid_role_identifier_staging.stg_ror__external_ids .. [[33mSKIP[0m]
[0m15:54:57.129993 [debug] [Thread-8 (]: Finished running node model.orcid_role_identifier.stg_ror__external_ids
[0m15:54:57.182308 [debug] [Thread-7 (]: BigQuery adapter: https://console.cloud.google.com/bigquery?project=dat-analytics-eng-ec869189&j=bq:EU:e5b3eac3-865c-4e85-baaf-636f0b8b0769&page=queryresults
[0m15:54:57.335483 [error] [Thread-7 (]: BigQuery adapter: https://console.cloud.google.com/bigquery?project=dat-analytics-eng-ec869189&j=bq:EU:e5b3eac3-865c-4e85-baaf-636f0b8b0769&page=queryresults
[0m15:54:57.372867 [debug] [Thread-7 (]: Database Error in model int_anchor_embeddings (models\dictionary\int_anchor_embeddings.sql)
  Unrecognized name: anchor_key; Did you mean anchor_term? at [29:12]
  compiled code at target\run\orcid_role_identifier\models\dictionary\int_anchor_embeddings.sql
[0m15:54:57.375230 [debug] [Thread-7 (]: Sending event: {'category': 'dbt', 'action': 'run_model', 'label': 'f46313a9-7177-4c59-ad9e-fd9dc2972dce', 'context': [<snowplow_tracker.self_describing_json.SelfDescribingJson object at 0x0000021DC72FDD30>]}
[0m15:54:57.377706 [error] [Thread-7 (]: 7 of 26 ERROR creating sql incremental model dev_orcid_role_identifier_dictionary.int_anchor_embeddings  [[31mERROR[0m in 1.33s]
[0m15:54:57.378914 [debug] [Thread-7 (]: Finished running node model.orcid_role_identifier.int_anchor_embeddings
[0m15:54:57.380113 [debug] [Thread-11 ]: Marking all children of 'model.orcid_role_identifier.int_anchor_embeddings' to be skipped because of status 'error'.  Reason: Database Error in model int_anchor_embeddings (models\dictionary\int_anchor_embeddings.sql)
  Unrecognized name: anchor_key; Did you mean anchor_term? at [29:12]
  compiled code at target\run\orcid_role_identifier\models\dictionary\int_anchor_embeddings.sql.
[0m15:54:57.462620 [debug] [Thread-6 (]: SQL status: OK in 0.384 seconds
[0m15:54:57.921784 [debug] [Thread-6 (]: Sending event: {'category': 'dbt', 'action': 'run_model', 'label': 'f46313a9-7177-4c59-ad9e-fd9dc2972dce', 'context': [<snowplow_tracker.self_describing_json.SelfDescribingJson object at 0x0000021DC7FD8050>]}
[0m15:54:57.924355 [info ] [Thread-6 (]: 6 of 26 OK created sql view model dev_orcid_role_identifier_staging.stg_orcid__employment  [[32mCREATE VIEW (0 processed)[0m in 2.21s]
[0m15:54:57.926639 [debug] [Thread-6 (]: Finished running node model.orcid_role_identifier.stg_orcid__employment
[0m15:54:57.928917 [debug] [Thread-4 (]: Began running node model.orcid_role_identifier.stg_role_records
[0m15:54:57.930100 [info ] [Thread-4 (]: 9 of 26 START sql view model dev_orcid_role_identifier_staging.stg_role_records  [RUN]
[0m15:54:57.932841 [debug] [Thread-4 (]: Re-using an available connection from the pool (formerly model.orcid_role_identifier.raw_ror_data_refresh, now model.orcid_role_identifier.stg_role_records)
[0m15:54:57.934477 [debug] [Thread-4 (]: Began compiling node model.orcid_role_identifier.stg_role_records
[0m15:54:57.945928 [debug] [Thread-4 (]: Writing injected SQL for node "model.orcid_role_identifier.stg_role_records"
[0m15:54:57.953256 [debug] [Thread-4 (]: Began executing node model.orcid_role_identifier.stg_role_records
[0m15:54:57.959493 [debug] [Thread-4 (]: Writing runtime sql for node "model.orcid_role_identifier.stg_role_records"
[0m15:54:57.964229 [debug] [Thread-4 (]: On model.orcid_role_identifier.stg_role_records: /* {"app": "dbt", "dbt_version": "1.12.0", "profile_name": "orcid_role_identifier", "target_name": "dev", "node_id": "model.orcid_role_identifier.stg_role_records"} */


  create or replace view `dat-analytics-eng-ec869189`.`dev_orcid_role_identifier_staging`.`stg_role_records`
  OPTIONS(
      description="""The single place role records enter the pipeline. One source today (ORCID); a second one becomes a UNION ALL here.\n"""
    )
  as 

/*
    The single place role records enter the pipeline.

    Today there is one source: ORCID. Everything downstream reads this
    model rather than stg_orcid__employment directly, so when web
    scraping arrives it becomes a UNION ALL here and nothing else has to
    change.

    Expected shape of a future source: snid + role_title, and little
    else. Columns it cannot supply are simply NULL - the scoring layer
    already treats a NULL organisation or department as "no evidence".

    title_key hashes the NORMALISED title (lowercased, punctuation
    stripped, abbreviations expanded in stg_orcid__employment), so
    "Prof. Dr. med." and "professor doctor medical" collapse to the
    same key and are classified once.
*/

with orcid as (

    select
        'orcid'                 as source_key,
        snid,
        role_title_raw,
        role_title,
        organisation_raw,
        organisation,
        department_raw,
        department,
        org_id,
        org_id_source,
        country_code,
        start_date,
        end_date,
        ordering,
        source_last_updated
    from `dat-analytics-eng-ec869189`.`dev_orcid_role_identifier_staging`.`stg_orcid__employment`

)

select
    *,
    end_date is null                                as is_current,
    to_hex(md5(role_title))                         as title_key,
    row_number() over (
        partition by snid
        order by (end_date is null) desc,
                 start_date desc nulls last,
                 end_date   desc nulls last,
                 ordering   asc  nulls last
    )                                               as recency_rank
from orcid;


[0m15:54:57.966122 [debug] [Thread-4 (]: Opening a new connection, currently in state closed
[0m15:54:59.377725 [debug] [Thread-4 (]: BigQuery adapter: https://console.cloud.google.com/bigquery?project=dat-analytics-eng-ec869189&j=bq:EU:2fe90ccc-3d13-4ef3-8206-a3faac49beac&page=queryresults
[0m15:54:59.661598 [debug] [Thread-4 (]: SQL status: OK in 0.283 seconds
[0m15:55:00.950976 [debug] [Thread-4 (]: Sending event: {'category': 'dbt', 'action': 'run_model', 'label': 'f46313a9-7177-4c59-ad9e-fd9dc2972dce', 'context': [<snowplow_tracker.self_describing_json.SelfDescribingJson object at 0x0000021DC7F17F50>]}
[0m15:55:00.953183 [info ] [Thread-4 (]: 9 of 26 OK created sql view model dev_orcid_role_identifier_staging.stg_role_records  [[32mCREATE VIEW (0 processed)[0m in 3.02s]
[0m15:55:00.956561 [debug] [Thread-4 (]: Finished running node model.orcid_role_identifier.stg_role_records
[0m15:55:00.959611 [debug] [Thread-3 (]: Began running node model.orcid_role_identifier.int_department_distinct
[0m15:55:00.961848 [debug] [Thread-2 (]: Began running node model.orcid_role_identifier.int_org_resolved
[0m15:55:00.962950 [info ] [Thread-3 (]: 10 of 26 START sql table model dev_orcid_role_identifier_dictionary.int_department_distinct  [RUN]
[0m15:55:00.965992 [debug] [Thread-3 (]: Re-using an available connection from the pool (formerly model.orcid_role_identifier.raw_orcid_researchers, now model.orcid_role_identifier.int_department_distinct)
[0m15:55:00.966771 [debug] [Thread-3 (]: Began compiling node model.orcid_role_identifier.int_department_distinct
[0m15:55:00.967647 [debug] [Thread-1 (]: Began running node model.orcid_role_identifier.int_title_distinct
[0m15:55:00.978792 [debug] [Thread-3 (]: Writing injected SQL for node "model.orcid_role_identifier.int_department_distinct"
[0m15:55:00.964115 [info ] [Thread-2 (]: 11 of 26 SKIP relation dev_orcid_role_identifier_dictionary.int_org_resolved ... [[33mSKIP[0m]
[0m15:55:00.982190 [debug] [Thread-2 (]: Finished running node model.orcid_role_identifier.int_org_resolved
[0m15:55:00.980209 [info ] [Thread-1 (]: 12 of 26 START sql table model dev_orcid_role_identifier_dictionary.int_title_distinct  [RUN]
[0m15:55:00.985380 [debug] [Thread-1 (]: Re-using an available connection from the pool (formerly model.orcid_role_identifier.int_anchor_terms, now model.orcid_role_identifier.int_title_distinct)
[0m15:55:00.986950 [debug] [Thread-1 (]: Began compiling node model.orcid_role_identifier.int_title_distinct
[0m15:55:00.994962 [debug] [Thread-1 (]: Writing injected SQL for node "model.orcid_role_identifier.int_title_distinct"
[0m15:55:00.998338 [debug] [Thread-3 (]: Began executing node model.orcid_role_identifier.int_department_distinct
[0m15:55:01.004238 [debug] [Thread-3 (]: Writing runtime sql for node "model.orcid_role_identifier.int_department_distinct"
[0m15:55:01.006735 [debug] [Thread-1 (]: Began executing node model.orcid_role_identifier.int_title_distinct
[0m15:55:01.012151 [debug] [Thread-1 (]: Writing runtime sql for node "model.orcid_role_identifier.int_title_distinct"
[0m15:55:01.013931 [debug] [Thread-3 (]: On model.orcid_role_identifier.int_department_distinct: /* {"app": "dbt", "dbt_version": "1.12.0", "profile_name": "orcid_role_identifier", "target_name": "dev", "node_id": "model.orcid_role_identifier.int_department_distinct"} */

  
    

    create or replace table `dat-analytics-eng-ec869189`.`dev_orcid_role_identifier_dictionary`.`int_department_distinct`
      
    
    

    
    OPTIONS(
      description="""Distinct department names and frequency."""
    )
    as (
      

/*
    Distinct department names and how many records use each.

    The same economics as int_title_distinct: the department is embedded
    once per distinct value, not once per person.

    The length filter keeps unusable strings out of the model. Values that
    normalise to nothing come back as an empty vector, and one empty
    vector breaks an entire VECTOR_SEARCH run.
*/

select
    to_hex(md5(department))     as department_key,
    department,
    count(*)                    as frequency,
    sum(count(*)) over (order by count(*) desc)
        / sum(count(*)) over ()  as cumulative_coverage
from `dat-analytics-eng-ec869189`.`dev_orcid_role_identifier_staging`.`stg_role_records`
where department is not null
  and length(department) between 2 and 200
group by department
order by frequency desc
    );
  
[0m15:55:01.015232 [debug] [Thread-3 (]: Opening a new connection, currently in state closed
[0m15:55:01.019314 [debug] [Thread-1 (]: On model.orcid_role_identifier.int_title_distinct: /* {"app": "dbt", "dbt_version": "1.12.0", "profile_name": "orcid_role_identifier", "target_name": "dev", "node_id": "model.orcid_role_identifier.int_title_distinct"} */

  
    

    create or replace table `dat-analytics-eng-ec869189`.`dev_orcid_role_identifier_dictionary`.`int_title_distinct`
      
    
    

    
    OPTIONS(
      description="""Distinct titles and frequencies. All expensive work runs on this."""
    )
    as (
      

/*
    DICTIONARY STEP 1
    Distinct job titles and how many records use each one.

    Every expensive operation (embedding, LLM) runs on THIS table, not
    on the person-level table. That is where the cost saving comes from.

    The frequency column matters: the human review queue is ordered by
    it. Job title distributions are heavily skewed, so reviewing the top
    few hundred titles covers a large share of all people.
*/

with records as (

    select role_title, organisation, department
    from `dat-analytics-eng-ec869189`.`dev_orcid_role_identifier_staging`.`stg_role_records`
    where role_title is not null

),

agg as (

    select
        role_title                                  as title,
        count(*)                                    as frequency,
        count(distinct organisation)                as distinct_orgs,
        approx_top_count(organisation, 3)           as top_organisations,
        approx_top_count(department, 3)             as top_departments
    from records
    group by title

)

select
    to_hex(md5(title))  as title_key,
    title,
    frequency,
    distinct_orgs,
    top_organisations,
    top_departments,
    sum(frequency) over ()                                            as corpus_size,
    sum(frequency) over (order by frequency desc)
        / sum(frequency) over ()                                      as cumulative_coverage
from agg
order by frequency desc
    );
  
[0m15:55:01.021127 [debug] [Thread-1 (]: Opening a new connection, currently in state closed
[0m15:55:02.717748 [debug] [Thread-3 (]: BigQuery adapter: https://console.cloud.google.com/bigquery?project=dat-analytics-eng-ec869189&j=bq:EU:8f6be2a0-11e8-4c0b-a513-8c15edd28b56&page=queryresults
[0m15:55:02.733240 [debug] [Thread-1 (]: BigQuery adapter: https://console.cloud.google.com/bigquery?project=dat-analytics-eng-ec869189&j=bq:EU:8b148361-d1bc-4738-9c31-883f7f2389ce&page=queryresults
[0m15:55:06.189075 [debug] [Thread-3 (]: SQL status: OK in 3.470 seconds
[0m15:55:07.286920 [debug] [Thread-3 (]: Sending event: {'category': 'dbt', 'action': 'run_model', 'label': 'f46313a9-7177-4c59-ad9e-fd9dc2972dce', 'context': [<snowplow_tracker.self_describing_json.SelfDescribingJson object at 0x0000021DC802E510>]}
[0m15:55:07.288654 [info ] [Thread-3 (]: 10 of 26 OK created sql table model dev_orcid_role_identifier_dictionary.int_department_distinct  [[32mCREATE TABLE (447.4k rows, 2.8 GiB processed)[0m in 6.32s]
[0m15:55:07.292216 [debug] [Thread-3 (]: Finished running node model.orcid_role_identifier.int_department_distinct
[0m15:55:07.294153 [debug] [Thread-5 (]: Began running node model.orcid_role_identifier.int_department_embeddings
[0m15:55:07.295400 [info ] [Thread-5 (]: 13 of 26 START sql incremental model dev_orcid_role_identifier_dictionary.int_department_embeddings  [RUN]
[0m15:55:07.297067 [debug] [Thread-5 (]: Re-using an available connection from the pool (formerly model.orcid_role_identifier.stg_ror__organisations, now model.orcid_role_identifier.int_department_embeddings)
[0m15:55:07.298404 [debug] [Thread-5 (]: Began compiling node model.orcid_role_identifier.int_department_embeddings
[0m15:55:07.306688 [debug] [Thread-5 (]: Writing injected SQL for node "model.orcid_role_identifier.int_department_embeddings"
[0m15:55:07.310947 [debug] [Thread-5 (]: Began executing node model.orcid_role_identifier.int_department_embeddings
[0m15:55:07.316923 [debug] [Thread-5 (]: Writing runtime sql for node "model.orcid_role_identifier.int_department_embeddings"
[0m15:55:07.320057 [debug] [Thread-5 (]: On model.orcid_role_identifier.int_department_embeddings: /* {"app": "dbt", "dbt_version": "1.12.0", "profile_name": "orcid_role_identifier", "target_name": "dev", "node_id": "model.orcid_role_identifier.int_department_embeddings"} */

  
    

    create or replace table `dat-analytics-eng-ec869189`.`dev_orcid_role_identifier_dictionary`.`int_department_embeddings`
      
    
    

    
    OPTIONS(
      description=""""""
    )
    as (
      

/*
    Every distinct department embedded once, with the same model as the
    titles and the anchors. A different model would make the similarity
    scores meaningless.
*/

with to_embed as (

    select department_key, department, frequency
    from `dat-analytics-eng-ec869189`.`dev_orcid_role_identifier_dictionary`.`int_department_distinct`

    

)

select
    department_key,
    department,
    frequency,
    ml_generate_embedding_result    as embedding,
    'datasn-rm-live.institution_disambiguation.embedding_model'  as model_name,
    current_timestamp()             as embedded_at
from ml.generate_embedding(
    model `datasn-rm-live.institution_disambiguation.embedding_model`,
    (select department_key, department, frequency, department as content from to_embed)
)
where array_length(ml_generate_embedding_result) > 0
    );
  
[0m15:55:07.321090 [debug] [Thread-5 (]: Opening a new connection, currently in state closed
[0m15:55:08.620172 [debug] [Thread-5 (]: BigQuery adapter: https://console.cloud.google.com/bigquery?project=dat-analytics-eng-ec869189&j=bq:EU:7e797b74-9690-4776-92d4-6607023c9670&page=queryresults
[0m15:55:09.851527 [debug] [Thread-1 (]: SQL status: OK in 7.117 seconds
[0m15:55:11.181685 [debug] [Thread-1 (]: Sending event: {'category': 'dbt', 'action': 'run_model', 'label': 'f46313a9-7177-4c59-ad9e-fd9dc2972dce', 'context': [<snowplow_tracker.self_describing_json.SelfDescribingJson object at 0x0000021DC7F17FB0>]}
[0m15:55:11.182748 [info ] [Thread-1 (]: 12 of 26 OK created sql table model dev_orcid_role_identifier_dictionary.int_title_distinct  [[32mCREATE TABLE (309.7k rows, 4.0 GiB processed)[0m in 10.20s]
[0m15:55:11.184719 [debug] [Thread-1 (]: Finished running node model.orcid_role_identifier.int_title_distinct
[0m15:55:11.185605 [debug] [Thread-8 (]: Began running node model.orcid_role_identifier.int_title_embeddings
[0m15:55:11.186284 [info ] [Thread-8 (]: 14 of 26 START sql incremental model dev_orcid_role_identifier_dictionary.int_title_embeddings  [RUN]
[0m15:55:11.187487 [debug] [Thread-8 (]: Acquiring new bigquery connection 'model.orcid_role_identifier.int_title_embeddings'
[0m15:55:11.187990 [debug] [Thread-8 (]: Began compiling node model.orcid_role_identifier.int_title_embeddings
[0m15:55:11.194189 [debug] [Thread-8 (]: Writing injected SQL for node "model.orcid_role_identifier.int_title_embeddings"
[0m15:55:11.195604 [debug] [Thread-8 (]: Began executing node model.orcid_role_identifier.int_title_embeddings
[0m15:55:11.198243 [debug] [Thread-8 (]: Writing runtime sql for node "model.orcid_role_identifier.int_title_embeddings"
[0m15:55:11.232625 [debug] [Thread-8 (]: On model.orcid_role_identifier.int_title_embeddings: /* {"app": "dbt", "dbt_version": "1.12.0", "profile_name": "orcid_role_identifier", "target_name": "dev", "node_id": "model.orcid_role_identifier.int_title_embeddings"} */

  
    

    create or replace table `dat-analytics-eng-ec869189`.`dev_orcid_role_identifier_dictionary`.`int_title_embeddings`
      
    
    

    
    OPTIONS(
      description=""""""
    )
    as (
      

/*
    Every distinct title is embedded ONCE.

    Uses the existing remote model (provisioned in another project):
        datasn-rm-live.institution_disambiguation.embedding_model
    No new Vertex connection is needed - only read access to that project.

    Incremental: when new data lands, only NEW titles are embedded.
    Existing titles never cost anything again.

    TWO GUARDS, both needed:
      source side  titles shorter than 2 or longer than 200 characters are
                   skipped - they normalise to junk and the model returns
                   an empty vector for them
      model side   rows whose embedding came back empty are dropped

    Without these, a single empty vector breaks the entire VECTOR_SEARCH
    run with "Array inputs are not equal in length". Measured on the real
    data before this was added.
*/

with titles_to_embed as (

    select title_key, title, frequency
    from `dat-analytics-eng-ec869189`.`dev_orcid_role_identifier_dictionary`.`int_title_distinct`
    where length(title) between 2 and 200

    

)

select
    title_key,
    title,
    frequency,
    ml_generate_embedding_result    as embedding,
    'datasn-rm-live.institution_disambiguation.embedding_model'  as model_name,
    current_timestamp()             as embedded_at
from ml.generate_embedding(
    model `datasn-rm-live.institution_disambiguation.embedding_model`,
    (select title_key, title, frequency, title as content from titles_to_embed)
)
where array_length(ml_generate_embedding_result) > 0
    );
  
[0m15:55:11.233579 [debug] [Thread-8 (]: Opening a new connection, currently in state init
[0m15:55:12.371047 [debug] [Thread-8 (]: BigQuery adapter: https://console.cloud.google.com/bigquery?project=dat-analytics-eng-ec869189&j=bq:EU:14d47c27-b496-4cfd-9b70-030d2e9523f9&page=queryresults
[0m15:57:36.591714 [debug] [Thread-8 (]: SQL status: OK in 144.219 seconds
[0m15:57:36.855128 [debug] [Thread-8 (]: Sending event: {'category': 'dbt', 'action': 'run_model', 'label': 'f46313a9-7177-4c59-ad9e-fd9dc2972dce', 'context': [<snowplow_tracker.self_describing_json.SelfDescribingJson object at 0x0000021DA3E1B110>]}
[0m15:57:36.857501 [info ] [Thread-8 (]: 14 of 26 OK created sql incremental model dev_orcid_role_identifier_dictionary.int_title_embeddings  [[32mCREATE TABLE (308.1k rows, 24.3 MiB processed)[0m in 145.67s]
[0m15:57:36.860074 [debug] [Thread-8 (]: Finished running node model.orcid_role_identifier.int_title_embeddings
[0m15:57:36.861562 [debug] [Thread-7 (]: Began running node model.orcid_role_identifier.int_title_group_match
[0m15:57:36.862701 [info ] [Thread-7 (]: 15 of 26 SKIP relation dev_orcid_role_identifier_dictionary.int_title_group_match  [[33mSKIP[0m]
[0m15:57:36.864064 [debug] [Thread-7 (]: Finished running node model.orcid_role_identifier.int_title_group_match
[0m15:57:36.865617 [debug] [Thread-6 (]: Began running node model.orcid_role_identifier.dim_title_group
[0m15:57:36.866779 [info ] [Thread-6 (]: 16 of 26 SKIP relation dev_orcid_role_identifier_dictionary.dim_title_group .... [[33mSKIP[0m]
[0m15:57:36.868071 [debug] [Thread-6 (]: Finished running node model.orcid_role_identifier.dim_title_group
[0m15:58:16.114334 [debug] [Thread-5 (]: SQL status: OK in 187.493 seconds
[0m15:58:16.354754 [debug] [Thread-5 (]: Sending event: {'category': 'dbt', 'action': 'run_model', 'label': 'f46313a9-7177-4c59-ad9e-fd9dc2972dce', 'context': [<snowplow_tracker.self_describing_json.SelfDescribingJson object at 0x0000021DA3E1B650>]}
[0m15:58:16.356659 [info ] [Thread-5 (]: 13 of 26 OK created sql incremental model dev_orcid_role_identifier_dictionary.int_department_embeddings  [[32mCREATE TABLE (447.4k rows, 35.2 MiB processed)[0m in 189.06s]
[0m15:58:16.358404 [debug] [Thread-5 (]: Finished running node model.orcid_role_identifier.int_department_embeddings
[0m15:58:16.359893 [debug] [Thread-4 (]: Began running node model.orcid_role_identifier.int_discipline_match
[0m15:58:16.361063 [info ] [Thread-4 (]: 17 of 26 SKIP relation dev_orcid_role_identifier_dictionary.int_discipline_match  [[33mSKIP[0m]
[0m15:58:16.362415 [debug] [Thread-4 (]: Finished running node model.orcid_role_identifier.int_discipline_match
[0m15:58:16.364063 [debug] [Thread-2 (]: Began running node model.orcid_role_identifier.dim_department_discipline
[0m15:58:16.364896 [info ] [Thread-2 (]: 18 of 26 SKIP relation dev_orcid_role_identifier_dictionary.dim_department_discipline  [[33mSKIP[0m]
[0m15:58:16.366157 [debug] [Thread-2 (]: Finished running node model.orcid_role_identifier.dim_department_discipline
[0m15:58:16.368582 [debug] [Thread-1 (]: Began running node model.orcid_role_identifier.rpt_title_review_queue
[0m15:58:16.370042 [debug] [Thread-3 (]: Began running node model.orcid_role_identifier.int_employment_scored
[0m15:58:16.371080 [info ] [Thread-1 (]: 20 of 26 SKIP relation dev_orcid_role_identifier_presentation.rpt_title_review_queue  [[33mSKIP[0m]
[0m15:58:16.373007 [debug] [Thread-1 (]: Finished running node model.orcid_role_identifier.rpt_title_review_queue
[0m15:58:16.372030 [info ] [Thread-3 (]: 19 of 26 SKIP relation dev_orcid_role_identifier_scoring.int_employment_scored . [[33mSKIP[0m]
[0m15:58:16.375095 [debug] [Thread-3 (]: Finished running node model.orcid_role_identifier.int_employment_scored
[0m15:58:16.376869 [debug] [Thread-8 (]: Began running node model.orcid_role_identifier.int_role_detail
[0m15:58:16.377768 [info ] [Thread-8 (]: 21 of 26 SKIP relation dev_orcid_role_identifier_scoring.int_role_detail ....... [[33mSKIP[0m]
[0m15:58:16.378766 [debug] [Thread-8 (]: Finished running node model.orcid_role_identifier.int_role_detail
[0m15:58:16.383624 [debug] [Thread-7 (]: Began running node model.orcid_role_identifier.fct_researcher_roles
[0m15:58:16.385730 [info ] [Thread-7 (]: 22 of 26 SKIP relation dev_orcid_role_identifier_scoring.fct_researcher_roles .. [[33mSKIP[0m]
[0m15:58:16.387660 [debug] [Thread-7 (]: Finished running node model.orcid_role_identifier.fct_researcher_roles
[0m15:58:16.389514 [debug] [Thread-6 (]: Began running node model.orcid_role_identifier.dim_researcher_role_flags
[0m15:58:16.390414 [debug] [Thread-5 (]: Began running node model.orcid_role_identifier.fct_role_audience
[0m15:58:16.391189 [info ] [Thread-6 (]: 23 of 26 SKIP relation dev_orcid_role_identifier_presentation.dim_researcher_role_flags  [[33mSKIP[0m]
[0m15:58:16.393853 [debug] [Thread-6 (]: Finished running node model.orcid_role_identifier.dim_researcher_role_flags
[0m15:58:16.392129 [info ] [Thread-5 (]: 24 of 26 SKIP relation dev_orcid_role_identifier_presentation.fct_role_audience  [[33mSKIP[0m]
[0m15:58:16.395292 [debug] [Thread-5 (]: Finished running node model.orcid_role_identifier.fct_role_audience
[0m15:58:16.397297 [debug] [Thread-4 (]: Began running node model.orcid_role_identifier.fct_braze_contact_roles
[0m15:58:16.398233 [debug] [Thread-2 (]: Began running node model.orcid_role_identifier.fct_role_audience_summary
[0m15:58:16.399400 [info ] [Thread-4 (]: 25 of 26 SKIP relation dev_orcid_role_identifier_presentation.fct_braze_contact_roles  [[33mSKIP[0m]
[0m15:58:16.401904 [debug] [Thread-4 (]: Finished running node model.orcid_role_identifier.fct_braze_contact_roles
[0m15:58:16.400434 [info ] [Thread-2 (]: 26 of 26 SKIP relation dev_orcid_role_identifier_presentation.fct_role_audience_summary  [[33mSKIP[0m]
[0m15:58:16.403250 [debug] [Thread-2 (]: Finished running node model.orcid_role_identifier.fct_role_audience_summary
[0m15:58:16.410215 [debug] [MainThread]: Opening a new connection, currently in state closed
[0m15:58:16.412062 [debug] [MainThread]: Connection 'master' was properly closed.
[0m15:58:16.412633 [debug] [MainThread]: Connection 'create_dat-analytics-eng-ec869189_dev_orcid_role_identifier_raw' was properly closed.
[0m15:58:16.413512 [debug] [MainThread]: Connection 'create_dat-analytics-eng-ec869189_dev_orcid_role_identifier_scoring' was properly closed.
[0m15:58:16.414068 [debug] [MainThread]: Connection 'create_dat-analytics-eng-ec869189_dev_orcid_role_identifier_presentation' was properly closed.
[0m15:58:16.414759 [debug] [MainThread]: Connection 'create_dat-analytics-eng-ec869189_dev_orcid_role_identifier_staging' was properly closed.
[0m15:58:16.415446 [debug] [MainThread]: Connection 'create_dat-analytics-eng-ec869189_dev_orcid_role_identifier_dictionary' was properly closed.
[0m15:58:16.416118 [debug] [MainThread]: Connection 'list_dat-analytics-eng-ec869189_dev_orcid_role_identifier_seeds' was properly closed.
[0m15:58:16.417093 [debug] [MainThread]: Connection 'list_dat-analytics-eng-ec869189_dev_orcid_role_identifier_dictionary' was properly closed.
[0m15:58:16.417813 [debug] [MainThread]: Connection 'list_dat-analytics-eng-ec869189_dev_orcid_role_identifier_staging' was properly closed.
[0m15:58:16.418260 [debug] [MainThread]: Connection 'list_dat-analytics-eng-ec869189_dev_orcid_role_identifier_scoring' was properly closed.
[0m15:58:16.418674 [debug] [MainThread]: Connection 'list_dat-analytics-eng-ec869189_dev_orcid_role_identifier_raw' was properly closed.
[0m15:58:16.419110 [debug] [MainThread]: Connection 'list_dat-analytics-eng-ec869189_dev_orcid_role_identifier_presentation' was properly closed.
[0m15:58:16.419517 [debug] [MainThread]: Connection 'model.orcid_role_identifier.raw_audience_builder_big' was properly closed.
[0m15:58:16.419915 [debug] [MainThread]: Connection 'model.orcid_role_identifier.int_title_distinct' was properly closed.
[0m15:58:16.420304 [debug] [MainThread]: Connection 'model.orcid_role_identifier.int_department_distinct' was properly closed.
[0m15:58:16.420680 [debug] [MainThread]: Connection 'model.orcid_role_identifier.stg_role_records' was properly closed.
[0m15:58:16.421052 [debug] [MainThread]: Connection 'model.orcid_role_identifier.int_department_embeddings' was properly closed.
[0m15:58:16.421463 [debug] [MainThread]: Connection 'model.orcid_role_identifier.stg_orcid__employment' was properly closed.
[0m15:58:16.422501 [debug] [MainThread]: Connection 'model.orcid_role_identifier.int_anchor_embeddings' was properly closed.
[0m15:58:16.423402 [debug] [MainThread]: Connection 'model.orcid_role_identifier.int_title_embeddings' was properly closed.
[0m15:58:16.424562 [info ] [MainThread]: 
[0m15:58:16.425974 [info ] [MainThread]: Finished running 3 incremental models, 16 table models, 7 view models in 0 hours 3 minutes and 34.63 seconds (214.63s).
[0m15:58:16.432912 [debug] [MainThread]: Command end result
[0m15:58:16.573509 [debug] [MainThread]: Wrote artifact WritableManifest to C:\analytics_engineering_dbt\orcid_role_identifier\target\manifest.json
[0m15:58:16.581069 [debug] [MainThread]: Wrote artifact SemanticManifest to C:\analytics_engineering_dbt\orcid_role_identifier\target\semantic_manifest.json
[0m15:58:16.588637 [debug] [MainThread]: Wrote artifact OsiDocument to C:\analytics_engineering_dbt\orcid_role_identifier\target\osi_document.json
[0m15:58:16.608327 [debug] [MainThread]: Wrote artifact RunExecutionResult to C:\analytics_engineering_dbt\orcid_role_identifier\target\run_results.json
[0m15:58:16.609177 [info ] [MainThread]: 
[0m15:58:16.610471 [info ] [MainThread]: [31mCompleted with 2 errors, 0 partial successes, and 0 warnings:[0m
[0m15:58:16.611570 [info ] [MainThread]: 
[0m15:58:16.612599 [error] [MainThread]: [[31mERROR[0m]: in model stg_ror__organisations (models\staging\stg_ror__organisations.sql)
[0m15:58:16.613944 [error] [MainThread]:   Database Error in model stg_ror__organisations (models\staging\stg_ror__organisations.sql)
  Unrecognized name: name; Did you mean names? at [42:5]
  compiled code at target\run\orcid_role_identifier\models\staging\stg_ror__organisations.sql
[0m15:58:16.614952 [info ] [MainThread]: 
[0m15:58:16.616878 [info ] [MainThread]:   compiled code at target\compiled\orcid_role_identifier\models\staging\stg_ror__organisations.sql
[0m15:58:16.617852 [info ] [MainThread]: 
[0m15:58:16.618955 [error] [MainThread]: [[31mERROR[0m]: in model int_anchor_embeddings (models\dictionary\int_anchor_embeddings.sql)
[0m15:58:16.620014 [error] [MainThread]:   Database Error in model int_anchor_embeddings (models\dictionary\int_anchor_embeddings.sql)
  Unrecognized name: anchor_key; Did you mean anchor_term? at [29:12]
  compiled code at target\run\orcid_role_identifier\models\dictionary\int_anchor_embeddings.sql
[0m15:58:16.620958 [info ] [MainThread]: 
[0m15:58:16.624270 [info ] [MainThread]:   compiled code at target\compiled\orcid_role_identifier\models\dictionary\int_anchor_embeddings.sql
[0m15:58:16.625584 [info ] [MainThread]: 
[0m15:58:16.626713 [info ] [MainThread]: Done. PASS=10 WARN=0 ERROR=2 SKIP=14 NO-OP=0 REUSED=0 TOTAL=26
[0m15:58:16.629002 [debug] [MainThread]: Command `dbt run` failed at 15:58:16.628758 after 219.98 seconds
[0m15:58:16.631460 [debug] [MainThread]: Sending event: {'category': 'dbt', 'action': 'invocation', 'label': 'end', 'context': [<snowplow_tracker.self_describing_json.SelfDescribingJson object at 0x0000021DA67D0830>, <snowplow_tracker.self_describing_json.SelfDescribingJson object at 0x0000021DC719B6B0>, <snowplow_tracker.self_describing_json.SelfDescribingJson object at 0x0000021DC7FBCF50>]}
[0m15:58:16.632189 [debug] [MainThread]: Flushing usage events
[0m15:58:17.891855 [debug] [MainThread]: An error was encountered while trying to flush usage events
[0m16:19:41.649241 [debug] [MainThread]: Sending event: {'category': 'dbt', 'action': 'invocation', 'label': 'start', 'context': [<snowplow_tracker.self_describing_json.SelfDescribingJson object at 0x0000023B2414E510>, <snowplow_tracker.self_describing_json.SelfDescribingJson object at 0x0000023B2676BED0>, <snowplow_tracker.self_describing_json.SelfDescribingJson object at 0x0000023B2676BB10>]}


============================== 16:19:41.661652 | 42f5c9c4-8b99-4945-958b-13a135f2a31a ==============================
[0m16:19:41.661652 [info ] [MainThread]: Running with dbt=1.12.0
[0m16:19:41.663325 [debug] [MainThread]: running dbt with arguments {'version_check': 'True', 'no_print': 'None', 'maximum_seed_size_mib': '1', 'target_path': 'None', 'warn_error_options': 'WarnErrorOptionsV2(error=[], warn=[], silence=[])', 'static_parser': 'True', 'printer_width': '80', 'write_json': 'True', 'empty': 'False', 'log_cache_events': 'False', 'introspect': 'True', 'cache_selected_only': 'False', 'fail_fast': 'False', 'debug': 'False', 'log_format': 'default', 'profiles_dir': 'C:\\analytics_engineering_dbt\\orcid_role_identifier', 'send_anonymous_usage_stats': 'True', 'quiet': 'False', 'warn_error': 'None', 'partial_parse': 'True', 'use_colors': 'True', 'hints_enabled': 'True', 'invocation_command': 'dbt run -s stg_ror__organisations int_anchor_embeddings', 'use_experimental_parser': 'False', 'indirect_selection': 'eager', 'log_path': 'C:\\analytics_engineering_dbt\\orcid_role_identifier\\logs'}
[0m16:19:45.173306 [debug] [MainThread]: Sending event: {'category': 'dbt', 'action': 'project_id', 'label': '42f5c9c4-8b99-4945-958b-13a135f2a31a', 'context': [<snowplow_tracker.self_describing_json.SelfDescribingJson object at 0x0000023B246ACC30>]}
[0m16:19:45.303862 [debug] [MainThread]: Sending event: {'category': 'dbt', 'action': 'adapter_info', 'label': '42f5c9c4-8b99-4945-958b-13a135f2a31a', 'context': [<snowplow_tracker.self_describing_json.SelfDescribingJson object at 0x0000023B43EBC6B0>]}
[0m16:19:45.305180 [info ] [MainThread]: Registered adapter: bigquery=1.12.0
[0m16:19:46.048266 [debug] [MainThread]: checksum: 06d061997f46e5ca1259b0fae4fe9e9dedb1949b16edb4376a9dd3cef0739338, vars: {}, profile: orcid_role_identifier, target: dev, version: 1.12.0
[0m16:19:46.503414 [debug] [MainThread]: Partial parsing enabled: 0 files deleted, 0 files added, 2 files changed.
[0m16:19:46.504368 [debug] [MainThread]: Partial parsing: updated file: orcid_role_identifier://models\staging\stg_ror__organisations.sql
[0m16:19:46.504720 [debug] [MainThread]: Partial parsing: updated file: orcid_role_identifier://models\dictionary\int_anchor_embeddings.sql
[0m16:19:47.498561 [debug] [MainThread]: Sending event: {'category': 'dbt', 'action': 'load_project', 'label': '42f5c9c4-8b99-4945-958b-13a135f2a31a', 'context': [<snowplow_tracker.self_describing_json.SelfDescribingJson object at 0x0000023B4550BE50>]}
[0m16:19:47.784223 [debug] [MainThread]: Wrote artifact WritableManifest to C:\analytics_engineering_dbt\orcid_role_identifier\target\manifest.json
[0m16:19:47.790030 [debug] [MainThread]: Wrote artifact SemanticManifest to C:\analytics_engineering_dbt\orcid_role_identifier\target\semantic_manifest.json
[0m16:19:47.850184 [debug] [MainThread]: Wrote artifact OsiDocument to C:\analytics_engineering_dbt\orcid_role_identifier\target\osi_document.json
[0m16:19:47.889664 [debug] [MainThread]: Sending event: {'category': 'dbt', 'action': 'resource_counts', 'label': '42f5c9c4-8b99-4945-958b-13a135f2a31a', 'context': [<snowplow_tracker.self_describing_json.SelfDescribingJson object at 0x0000023B4563C6E0>]}
[0m16:19:47.890574 [info ] [MainThread]: Found 26 models, 15 analyses, 44 data tests, 6 seeds, 4 sources, 699 macros
[0m16:19:47.891656 [debug] [MainThread]: Sending event: {'category': 'dbt', 'action': 'runnable_timing', 'label': '42f5c9c4-8b99-4945-958b-13a135f2a31a', 'context': [<snowplow_tracker.self_describing_json.SelfDescribingJson object at 0x0000023B458D0210>]}
[0m16:19:47.897005 [info ] [MainThread]: 
[0m16:19:47.898666 [info ] [MainThread]: Concurrency: 8 threads (target='dev')
[0m16:19:47.899786 [info ] [MainThread]: 
[0m16:19:47.901064 [debug] [MainThread]: Acquiring new bigquery connection 'master'
[0m16:19:47.910870 [debug] [ThreadPool]: Acquiring new bigquery connection 'list_dat-analytics-eng-ec869189'
[0m16:19:47.911605 [debug] [ThreadPool]: Opening a new connection, currently in state init
[0m16:19:47.914575 [debug] [ThreadPool]: Acquiring new bigquery connection 'list_dat-analytics-eng-ec869189'
[0m16:19:47.915533 [debug] [ThreadPool]: Opening a new connection, currently in state init
[0m16:19:52.971956 [debug] [ThreadPool]: Acquiring new bigquery connection 'list_dat-analytics-eng-ec869189_dev_orcid_role_identifier_raw'
[0m16:19:52.973632 [debug] [ThreadPool]: Opening a new connection, currently in state init
[0m16:19:52.975336 [debug] [ThreadPool]: Acquiring new bigquery connection 'list_dat-analytics-eng-ec869189_dev_orcid_role_identifier_staging'
[0m16:19:52.979921 [debug] [ThreadPool]: Acquiring new bigquery connection 'list_dat-analytics-eng-ec869189_dev_orcid_role_identifier_dictionary'
[0m16:19:52.981124 [debug] [ThreadPool]: Opening a new connection, currently in state init
[0m16:19:52.983280 [debug] [ThreadPool]: Acquiring new bigquery connection 'list_dat-analytics-eng-ec869189_dev_orcid_role_identifier_scoring'
[0m16:19:52.985584 [debug] [ThreadPool]: Opening a new connection, currently in state init
[0m16:19:52.988197 [debug] [ThreadPool]: Acquiring new bigquery connection 'list_dat-analytics-eng-ec869189_dev_orcid_role_identifier_seeds'
[0m16:19:52.989166 [debug] [ThreadPool]: Opening a new connection, currently in state init
[0m16:19:52.999783 [debug] [ThreadPool]: Acquiring new bigquery connection 'list_dat-analytics-eng-ec869189_dev_orcid_role_identifier_presentation'
[0m16:19:52.992957 [debug] [ThreadPool]: Opening a new connection, currently in state init
[0m16:19:53.004827 [debug] [ThreadPool]: Opening a new connection, currently in state init
[0m16:19:55.980538 [debug] [MainThread]: Sending event: {'category': 'dbt', 'action': 'runnable_timing', 'label': '42f5c9c4-8b99-4945-958b-13a135f2a31a', 'context': [<snowplow_tracker.self_describing_json.SelfDescribingJson object at 0x0000023B45BA7EE0>]}
[0m16:19:55.982031 [debug] [MainThread]: Opening a new connection, currently in state init
[0m16:19:56.014223 [debug] [Thread-1 (]: Began running node model.orcid_role_identifier.int_anchor_embeddings
[0m16:19:56.016739 [debug] [Thread-2 (]: Began running node model.orcid_role_identifier.stg_ror__organisations
[0m16:19:56.018153 [info ] [Thread-1 (]: 1 of 2 START sql incremental model dev_orcid_role_identifier_dictionary.int_anchor_embeddings  [RUN]
[0m16:19:56.021860 [debug] [Thread-1 (]: Acquiring new bigquery connection 'model.orcid_role_identifier.int_anchor_embeddings'
[0m16:19:56.022614 [debug] [Thread-1 (]: Began compiling node model.orcid_role_identifier.int_anchor_embeddings
[0m16:19:56.039059 [debug] [Thread-1 (]: Writing injected SQL for node "model.orcid_role_identifier.int_anchor_embeddings"
[0m16:19:56.019312 [info ] [Thread-2 (]: 2 of 2 START sql view model dev_orcid_role_identifier_staging.stg_ror__organisations  [RUN]
[0m16:19:56.040717 [debug] [Thread-2 (]: Acquiring new bigquery connection 'model.orcid_role_identifier.stg_ror__organisations'
[0m16:19:56.041566 [debug] [Thread-2 (]: Began compiling node model.orcid_role_identifier.stg_ror__organisations
[0m16:19:56.050424 [debug] [Thread-2 (]: Writing injected SQL for node "model.orcid_role_identifier.stg_ror__organisations"
[0m16:19:56.053630 [debug] [Thread-1 (]: Began executing node model.orcid_role_identifier.int_anchor_embeddings
[0m16:19:56.077714 [debug] [Thread-2 (]: Began executing node model.orcid_role_identifier.stg_ror__organisations
[0m16:19:56.222765 [debug] [Thread-2 (]: Writing runtime sql for node "model.orcid_role_identifier.stg_ror__organisations"
[0m16:19:56.248768 [debug] [Thread-1 (]: Writing runtime sql for node "model.orcid_role_identifier.int_anchor_embeddings"
[0m16:19:56.251807 [debug] [Thread-1 (]: On model.orcid_role_identifier.int_anchor_embeddings: /* {"app": "dbt", "dbt_version": "1.12.0", "profile_name": "orcid_role_identifier", "target_name": "dev", "node_id": "model.orcid_role_identifier.int_anchor_embeddings"} */

  
    

    create or replace table `dat-analytics-eng-ec869189`.`dev_orcid_role_identifier_dictionary`.`int_anchor_embeddings`
      
    
    

    
    OPTIONS(
      description=""""""
    )
    as (
      

/*
    The target vectors we search against. Must use the SAME model as
    int_title_embeddings - a different model makes the similarity
    scores meaningless.

    Same two guards as int_title_embeddings: an anchor that fails to
    embed would break VECTOR_SEARCH for every title.
*/

with anchors as (

    select
        to_hex(md5(concat(axis, '||', group_key, '||', anchor_term, '||', coalesce(language_code, '')))) as anchor_key,
        axis,
        group_key,
        anchor_term,
        language_code
    from `dat-analytics-eng-ec869189`.`dev_orcid_role_identifier_dictionary`.`int_anchor_terms`
    where length(anchor_term) between 2 and 200

    

)

select
    anchor_key,
    axis,
    group_key,
    anchor_term,
    language_code,
    ml_generate_embedding_result    as embedding,
    current_timestamp()             as embedded_at
from ml.generate_embedding(
    model `datasn-rm-live.institution_disambiguation.embedding_model`,
    (select anchor_key, axis, group_key, anchor_term, language_code,
            anchor_term as content
     from anchors)
)
where array_length(ml_generate_embedding_result) > 0
    );
  
[0m16:19:56.253376 [debug] [Thread-1 (]: Opening a new connection, currently in state init
[0m16:19:56.255498 [debug] [Thread-2 (]: On model.orcid_role_identifier.stg_ror__organisations: /* {"app": "dbt", "dbt_version": "1.12.0", "profile_name": "orcid_role_identifier", "target_name": "dev", "node_id": "model.orcid_role_identifier.stg_ror__organisations"} */


  create or replace view `dat-analytics-eng-ec869189`.`dev_orcid_role_identifier_staging`.`stg_ror__organisations`
  OPTIONS(
      description="""ROR organisation registry. The organisation TYPE (Education / Healthcare / Company ...) comes from here and drives org scoring.\n"""
    )
  as 

/*
    ROR ORGANISATION REGISTRY

    WHAT IT IS FOR:
    Scoring needs the organisation TYPE. "Does this person work in a
    hospital, a university, or a bank?" The same title means different
    things in different settings:

        "Director" + hospital   -> healthcare administrator
        "Director" + bank       -> irrelevant

    Deriving the type from the NAME is unreliable ("St. Mary's Hosp." -
    a hospital?). A regex would miss hundreds of variants; this was a
    known weakness in Phase-1.

    ROR gives it to us directly: every organisation has an id and a TYPE.

        ror_id: 013czdx64
        name:   Heidelberg University Hospital
        types:  [Education, Healthcare]       <-- what we need

    These types are scored via seeds/org_type_scores.csv.

    ror_data_refresh is ROR's OWN registry dump (confirmed), not a
    previously produced matching output.

    !! VERIFY COLUMN NAMES:
       bq show --schema ri-data-engineering-dd4c0eca:ror.ror_data_refresh
*/

with base as (
    select
        id,
        coalesce(
            (
                select n.value
                from unnest(names) n
                where 'ror_display' in unnest(coalesce(n.types, []))
                limit 1
            ),
            (
                select n.value
                from unnest(names) n
                limit 1
            )
        )                                        as canonical_name,
        types,
        country,
        external_ids
    from `dat-analytics-eng-ec869189`.`dev_orcid_role_identifier_raw`.`raw_ror_data_refresh`
)

select
    id                                          as ror_id,
    canonical_name,
    
    NULLIF(TRIM(REGEXP_REPLACE(
        
    NULLIF(
        TRIM(
            REGEXP_REPLACE(
                REGEXP_REPLACE(
                    LOWER(NORMALIZE_AND_CASEFOLD(COALESCE(canonical_name, ''), NFKC)),
                    r'[^\p{L}\p{N}\s&/+-]', ' '
                ),
                r'\s+', ' '
            )
        ),
        ''
    )

,
        r'\s+', ' '
    )), '')
     as organisation,     -- name-match key

    -- types is an ARRAY: a university hospital is both Education and Healthcare
    types                                       as ror_types,

    country.country_code                        as ror_country_code,

    -- non-ROR identifiers: RINGGOLD / GRID / FUNDREF / ISNI ...
    -- flattened by stg_ror__external_ids
    external_ids

from base;


[0m16:19:56.256828 [debug] [Thread-2 (]: Opening a new connection, currently in state init
[0m16:19:57.702262 [debug] [Thread-1 (]: BigQuery adapter: https://console.cloud.google.com/bigquery?project=dat-analytics-eng-ec869189&j=bq:EU:7ec7b633-d507-4575-a84f-489bb09f08fc&page=queryresults
[0m16:19:59.060563 [debug] [Thread-2 (]: BigQuery adapter: https://console.cloud.google.com/bigquery?project=dat-analytics-eng-ec869189&j=bq:EU:cb5d6945-d3ef-4599-b6d9-d34523c79b3e&page=queryresults
[0m16:19:59.214977 [error] [Thread-2 (]: BigQuery adapter: https://console.cloud.google.com/bigquery?project=dat-analytics-eng-ec869189&j=bq:EU:cb5d6945-d3ef-4599-b6d9-d34523c79b3e&page=queryresults
[0m16:19:59.267289 [debug] [Thread-2 (]: Database Error in model stg_ror__organisations (models\staging\stg_ror__organisations.sql)
  Unrecognized name: country at [57:9]
  compiled code at target\run\orcid_role_identifier\models\staging\stg_ror__organisations.sql
[0m16:19:59.274145 [debug] [Thread-2 (]: Sending event: {'category': 'dbt', 'action': 'run_model', 'label': '42f5c9c4-8b99-4945-958b-13a135f2a31a', 'context': [<snowplow_tracker.self_describing_json.SelfDescribingJson object at 0x0000023B45C2D610>]}
[0m16:19:59.275655 [error] [Thread-2 (]: 2 of 2 ERROR creating sql view model dev_orcid_role_identifier_staging.stg_ror__organisations  [[31mERROR[0m in 3.23s]
[0m16:19:59.277687 [debug] [Thread-2 (]: Finished running node model.orcid_role_identifier.stg_ror__organisations
[0m16:19:59.279052 [debug] [Thread-11 ]: Marking all children of 'model.orcid_role_identifier.stg_ror__organisations' to be skipped because of status 'error'.  Reason: Database Error in model stg_ror__organisations (models\staging\stg_ror__organisations.sql)
  Unrecognized name: country at [57:9]
  compiled code at target\run\orcid_role_identifier\models\staging\stg_ror__organisations.sql.
[0m16:20:01.421893 [debug] [Thread-1 (]: SQL status: OK in 3.719 seconds
[0m16:20:02.027544 [debug] [Thread-1 (]: Sending event: {'category': 'dbt', 'action': 'run_model', 'label': '42f5c9c4-8b99-4945-958b-13a135f2a31a', 'context': [<snowplow_tracker.self_describing_json.SelfDescribingJson object at 0x0000023B45C46410>]}
[0m16:20:02.029390 [info ] [Thread-1 (]: 1 of 2 OK created sql incremental model dev_orcid_role_identifier_dictionary.int_anchor_embeddings  [[32mCREATE TABLE (280.0 rows, 12.8 KiB processed)[0m in 6.01s]
[0m16:20:02.032017 [debug] [Thread-1 (]: Finished running node model.orcid_role_identifier.int_anchor_embeddings
[0m16:20:02.038488 [debug] [MainThread]: Opening a new connection, currently in state closed
[0m16:20:02.040324 [debug] [MainThread]: Connection 'master' was properly closed.
[0m16:20:02.040880 [debug] [MainThread]: Connection 'list_dat-analytics-eng-ec869189' was properly closed.
[0m16:20:02.041311 [debug] [MainThread]: Connection 'list_dat-analytics-eng-ec869189' was properly closed.
[0m16:20:02.041708 [debug] [MainThread]: Connection 'list_dat-analytics-eng-ec869189_dev_orcid_role_identifier_raw' was properly closed.
[0m16:20:02.042097 [debug] [MainThread]: Connection 'list_dat-analytics-eng-ec869189_dev_orcid_role_identifier_staging' was properly closed.
[0m16:20:02.042475 [debug] [MainThread]: Connection 'list_dat-analytics-eng-ec869189_dev_orcid_role_identifier_dictionary' was properly closed.
[0m16:20:02.042877 [debug] [MainThread]: Connection 'list_dat-analytics-eng-ec869189_dev_orcid_role_identifier_scoring' was properly closed.
[0m16:20:02.043370 [debug] [MainThread]: Connection 'list_dat-analytics-eng-ec869189_dev_orcid_role_identifier_seeds' was properly closed.
[0m16:20:02.043744 [debug] [MainThread]: Connection 'list_dat-analytics-eng-ec869189_dev_orcid_role_identifier_presentation' was properly closed.
[0m16:20:02.044105 [debug] [MainThread]: Connection 'model.orcid_role_identifier.int_anchor_embeddings' was properly closed.
[0m16:20:02.044473 [debug] [MainThread]: Connection 'model.orcid_role_identifier.stg_ror__organisations' was properly closed.
[0m16:20:02.044968 [info ] [MainThread]: 
[0m16:20:02.046406 [info ] [MainThread]: Finished running 1 incremental model, 1 view model in 0 hours 0 minutes and 14.14 seconds (14.14s).
[0m16:20:02.049781 [debug] [MainThread]: Command end result
[0m16:20:02.175138 [debug] [MainThread]: Wrote artifact WritableManifest to C:\analytics_engineering_dbt\orcid_role_identifier\target\manifest.json
[0m16:20:02.181522 [debug] [MainThread]: Wrote artifact SemanticManifest to C:\analytics_engineering_dbt\orcid_role_identifier\target\semantic_manifest.json
[0m16:20:02.188770 [debug] [MainThread]: Wrote artifact OsiDocument to C:\analytics_engineering_dbt\orcid_role_identifier\target\osi_document.json
[0m16:20:02.205107 [debug] [MainThread]: Wrote artifact RunExecutionResult to C:\analytics_engineering_dbt\orcid_role_identifier\target\run_results.json
[0m16:20:02.206000 [info ] [MainThread]: 
[0m16:20:02.207209 [info ] [MainThread]: [31mCompleted with 1 error, 0 partial successes, and 0 warnings:[0m
[0m16:20:02.208156 [info ] [MainThread]: 
[0m16:20:02.209147 [error] [MainThread]: [[31mERROR[0m]: in model stg_ror__organisations (models\staging\stg_ror__organisations.sql)
[0m16:20:02.210091 [error] [MainThread]:   Database Error in model stg_ror__organisations (models\staging\stg_ror__organisations.sql)
  Unrecognized name: country at [57:9]
  compiled code at target\run\orcid_role_identifier\models\staging\stg_ror__organisations.sql
[0m16:20:02.210887 [info ] [MainThread]: 
[0m16:20:02.211738 [info ] [MainThread]:   compiled code at target\compiled\orcid_role_identifier\models\staging\stg_ror__organisations.sql
[0m16:20:02.213302 [info ] [MainThread]: 
[0m16:20:02.214619 [info ] [MainThread]: Done. PASS=1 WARN=0 ERROR=1 SKIP=0 NO-OP=0 REUSED=0 TOTAL=2
[0m16:20:02.216349 [debug] [MainThread]: Command `dbt run` failed at 16:20:02.216122 after 20.89 seconds
[0m16:20:02.217623 [debug] [MainThread]: Sending event: {'category': 'dbt', 'action': 'invocation', 'label': 'end', 'context': [<snowplow_tracker.self_describing_json.SelfDescribingJson object at 0x0000023B45592170>, <snowplow_tracker.self_describing_json.SelfDescribingJson object at 0x0000023B45C297F0>, <snowplow_tracker.self_describing_json.SelfDescribingJson object at 0x0000023B2463B8D0>]}
[0m16:20:02.218753 [debug] [MainThread]: Flushing usage events
[0m16:20:03.426327 [debug] [MainThread]: An error was encountered while trying to flush usage events
[0m16:21:01.722483 [debug] [MainThread]: Sending event: {'category': 'dbt', 'action': 'invocation', 'label': 'start', 'context': [<snowplow_tracker.self_describing_json.SelfDescribingJson object at 0x000001ACDE2DE510>, <snowplow_tracker.self_describing_json.SelfDescribingJson object at 0x000001ACE090BED0>, <snowplow_tracker.self_describing_json.SelfDescribingJson object at 0x000001ACE090BB10>]}


============================== 16:21:01.727215 | ac90eb65-d83a-401f-9029-d3249f43788e ==============================
[0m16:21:01.727215 [info ] [MainThread]: Running with dbt=1.12.0
[0m16:21:01.728070 [debug] [MainThread]: running dbt with arguments {'maximum_seed_size_mib': '1', 'no_print': 'None', 'static_parser': 'True', 'target_path': 'None', 'warn_error_options': 'WarnErrorOptionsV2(error=[], warn=[], silence=[])', 'version_check': 'True', 'printer_width': '80', 'write_json': 'True', 'empty': 'False', 'log_cache_events': 'False', 'introspect': 'True', 'cache_selected_only': 'False', 'log_format': 'default', 'debug': 'False', 'fail_fast': 'False', 'profiles_dir': 'C:\\analytics_engineering_dbt\\orcid_role_identifier', 'send_anonymous_usage_stats': 'True', 'quiet': 'False', 'warn_error': 'None', 'partial_parse': 'True', 'use_colors': 'True', 'hints_enabled': 'True', 'indirect_selection': 'eager', 'use_experimental_parser': 'False', 'invocation_command': 'dbt run --select stg_ror__organisations int_anchor_embeddings', 'log_path': 'C:\\analytics_engineering_dbt\\orcid_role_identifier\\logs'}
[0m16:21:04.051155 [debug] [MainThread]: Sending event: {'category': 'dbt', 'action': 'project_id', 'label': 'ac90eb65-d83a-401f-9029-d3249f43788e', 'context': [<snowplow_tracker.self_describing_json.SelfDescribingJson object at 0x000001ACDE840C30>]}
[0m16:21:04.157130 [debug] [MainThread]: Sending event: {'category': 'dbt', 'action': 'adapter_info', 'label': 'ac90eb65-d83a-401f-9029-d3249f43788e', 'context': [<snowplow_tracker.self_describing_json.SelfDescribingJson object at 0x000001ACFE0286B0>]}
[0m16:21:04.158353 [info ] [MainThread]: Registered adapter: bigquery=1.12.0
[0m16:21:04.712344 [debug] [MainThread]: checksum: 06d061997f46e5ca1259b0fae4fe9e9dedb1949b16edb4376a9dd3cef0739338, vars: {}, profile: orcid_role_identifier, target: dev, version: 1.12.0
[0m16:21:05.026398 [debug] [MainThread]: Partial parsing enabled: 0 files deleted, 0 files added, 0 files changed.
[0m16:21:05.027190 [debug] [MainThread]: Nothing changed, skipping partial parsing.
[0m16:21:05.027486 [debug] [MainThread]: Partial parsing enabled, no changes found, skipping parsing
[0m16:21:05.041572 [debug] [MainThread]: Sending event: {'category': 'dbt', 'action': 'load_project', 'label': 'ac90eb65-d83a-401f-9029-d3249f43788e', 'context': [<snowplow_tracker.self_describing_json.SelfDescribingJson object at 0x000001ACFF67BC50>]}
[0m16:21:05.290697 [debug] [MainThread]: Wrote artifact WritableManifest to C:\analytics_engineering_dbt\orcid_role_identifier\target\manifest.json
[0m16:21:05.294246 [debug] [MainThread]: Wrote artifact SemanticManifest to C:\analytics_engineering_dbt\orcid_role_identifier\target\semantic_manifest.json
[0m16:21:05.317169 [debug] [MainThread]: Wrote artifact OsiDocument to C:\analytics_engineering_dbt\orcid_role_identifier\target\osi_document.json
[0m16:21:05.336040 [debug] [MainThread]: Sending event: {'category': 'dbt', 'action': 'resource_counts', 'label': 'ac90eb65-d83a-401f-9029-d3249f43788e', 'context': [<snowplow_tracker.self_describing_json.SelfDescribingJson object at 0x000001ACFF6C58B0>]}
[0m16:21:05.336729 [info ] [MainThread]: Found 26 models, 15 analyses, 44 data tests, 6 seeds, 4 sources, 699 macros
[0m16:21:05.337388 [debug] [MainThread]: Sending event: {'category': 'dbt', 'action': 'runnable_timing', 'label': 'ac90eb65-d83a-401f-9029-d3249f43788e', 'context': [<snowplow_tracker.self_describing_json.SelfDescribingJson object at 0x000001ACFF76BD90>]}
[0m16:21:05.340262 [info ] [MainThread]: 
[0m16:21:05.340745 [info ] [MainThread]: Concurrency: 8 threads (target='dev')
[0m16:21:05.341111 [info ] [MainThread]: 
[0m16:21:05.341689 [debug] [MainThread]: Acquiring new bigquery connection 'master'
[0m16:21:05.347500 [debug] [ThreadPool]: Acquiring new bigquery connection 'list_dat-analytics-eng-ec869189'
[0m16:21:05.348421 [debug] [ThreadPool]: Opening a new connection, currently in state init
[0m16:21:05.349668 [debug] [ThreadPool]: Acquiring new bigquery connection 'list_dat-analytics-eng-ec869189'
[0m16:21:05.349991 [debug] [ThreadPool]: Opening a new connection, currently in state init
[0m16:21:08.734050 [debug] [ThreadPool]: Acquiring new bigquery connection 'list_dat-analytics-eng-ec869189_dev_orcid_role_identifier_dictionary'
[0m16:21:08.735710 [debug] [ThreadPool]: Opening a new connection, currently in state init
[0m16:21:08.740048 [debug] [ThreadPool]: Acquiring new bigquery connection 'list_dat-analytics-eng-ec869189_dev_orcid_role_identifier_raw'
[0m16:21:08.741980 [debug] [ThreadPool]: Opening a new connection, currently in state init
[0m16:21:08.743894 [debug] [ThreadPool]: Acquiring new bigquery connection 'list_dat-analytics-eng-ec869189_dev_orcid_role_identifier_seeds'
[0m16:21:08.745536 [debug] [ThreadPool]: Opening a new connection, currently in state init
[0m16:21:08.748425 [debug] [ThreadPool]: Acquiring new bigquery connection 'list_dat-analytics-eng-ec869189_dev_orcid_role_identifier_presentation'
[0m16:21:08.750158 [debug] [ThreadPool]: Opening a new connection, currently in state init
[0m16:21:08.751267 [debug] [ThreadPool]: Acquiring new bigquery connection 'list_dat-analytics-eng-ec869189_dev_orcid_role_identifier_scoring'
[0m16:21:08.756269 [debug] [ThreadPool]: Acquiring new bigquery connection 'list_dat-analytics-eng-ec869189_dev_orcid_role_identifier_staging'
[0m16:21:08.758230 [debug] [ThreadPool]: Opening a new connection, currently in state init
[0m16:21:08.761340 [debug] [ThreadPool]: Opening a new connection, currently in state init
[0m16:21:10.001698 [debug] [MainThread]: Sending event: {'category': 'dbt', 'action': 'runnable_timing', 'label': 'ac90eb65-d83a-401f-9029-d3249f43788e', 'context': [<snowplow_tracker.self_describing_json.SelfDescribingJson object at 0x000001ACFFA26000>]}
[0m16:21:10.003019 [debug] [MainThread]: Opening a new connection, currently in state init
[0m16:21:10.010823 [debug] [Thread-1 (]: Began running node model.orcid_role_identifier.int_anchor_embeddings
[0m16:21:10.011625 [debug] [Thread-2 (]: Began running node model.orcid_role_identifier.stg_ror__organisations
[0m16:21:10.012650 [info ] [Thread-1 (]: 1 of 2 START sql incremental model dev_orcid_role_identifier_dictionary.int_anchor_embeddings  [RUN]
[0m16:21:10.014498 [debug] [Thread-1 (]: Acquiring new bigquery connection 'model.orcid_role_identifier.int_anchor_embeddings'
[0m16:21:10.015553 [debug] [Thread-1 (]: Began compiling node model.orcid_role_identifier.int_anchor_embeddings
[0m16:21:10.036648 [debug] [Thread-1 (]: Writing injected SQL for node "model.orcid_role_identifier.int_anchor_embeddings"
[0m16:21:10.013347 [info ] [Thread-2 (]: 2 of 2 START sql view model dev_orcid_role_identifier_staging.stg_ror__organisations  [RUN]
[0m16:21:10.038544 [debug] [Thread-2 (]: Acquiring new bigquery connection 'model.orcid_role_identifier.stg_ror__organisations'
[0m16:21:10.039514 [debug] [Thread-2 (]: Began compiling node model.orcid_role_identifier.stg_ror__organisations
[0m16:21:10.048552 [debug] [Thread-2 (]: Writing injected SQL for node "model.orcid_role_identifier.stg_ror__organisations"
[0m16:21:10.050201 [debug] [Thread-1 (]: Began executing node model.orcid_role_identifier.int_anchor_embeddings
[0m16:21:10.098097 [debug] [Thread-2 (]: Began executing node model.orcid_role_identifier.stg_ror__organisations
[0m16:21:10.129538 [debug] [Thread-1 (]: Opening a new connection, currently in state init
[0m16:21:10.161122 [debug] [Thread-2 (]: Writing runtime sql for node "model.orcid_role_identifier.stg_ror__organisations"
[0m16:21:10.164450 [debug] [Thread-2 (]: On model.orcid_role_identifier.stg_ror__organisations: /* {"app": "dbt", "dbt_version": "1.12.0", "profile_name": "orcid_role_identifier", "target_name": "dev", "node_id": "model.orcid_role_identifier.stg_ror__organisations"} */


  create or replace view `dat-analytics-eng-ec869189`.`dev_orcid_role_identifier_staging`.`stg_ror__organisations`
  OPTIONS(
      description="""ROR organisation registry. The organisation TYPE (Education / Healthcare / Company ...) comes from here and drives org scoring.\n"""
    )
  as 

/*
    ROR ORGANISATION REGISTRY

    WHAT IT IS FOR:
    Scoring needs the organisation TYPE. "Does this person work in a
    hospital, a university, or a bank?" The same title means different
    things in different settings:

        "Director" + hospital   -> healthcare administrator
        "Director" + bank       -> irrelevant

    Deriving the type from the NAME is unreliable ("St. Mary's Hosp." -
    a hospital?). A regex would miss hundreds of variants; this was a
    known weakness in Phase-1.

    ROR gives it to us directly: every organisation has an id and a TYPE.

        ror_id: 013czdx64
        name:   Heidelberg University Hospital
        types:  [Education, Healthcare]       <-- what we need

    These types are scored via seeds/org_type_scores.csv.

    ror_data_refresh is ROR's OWN registry dump (confirmed), not a
    previously produced matching output.

    !! VERIFY COLUMN NAMES:
       bq show --schema ri-data-engineering-dd4c0eca:ror.ror_data_refresh
*/

with base as (
    select
        id,
        coalesce(
            (
                select n.value
                from unnest(names) n
                where 'ror_display' in unnest(coalesce(n.types, []))
                limit 1
            ),
            (
                select n.value
                from unnest(names) n
                limit 1
            )
        )                                        as canonical_name,
        types,
        country,
        external_ids
    from `dat-analytics-eng-ec869189`.`dev_orcid_role_identifier_raw`.`raw_ror_data_refresh`
)

select
    id                                          as ror_id,
    canonical_name,
    
    NULLIF(TRIM(REGEXP_REPLACE(
        
    NULLIF(
        TRIM(
            REGEXP_REPLACE(
                REGEXP_REPLACE(
                    LOWER(NORMALIZE_AND_CASEFOLD(COALESCE(canonical_name, ''), NFKC)),
                    r'[^\p{L}\p{N}\s&/+-]', ' '
                ),
                r'\s+', ' '
            )
        ),
        ''
    )

,
        r'\s+', ' '
    )), '')
     as organisation,     -- name-match key

    -- types is an ARRAY: a university hospital is both Education and Healthcare
    types                                       as ror_types,

    country.country_code                        as ror_country_code,

    -- non-ROR identifiers: RINGGOLD / GRID / FUNDREF / ISNI ...
    -- flattened by stg_ror__external_ids
    external_ids

from base;


[0m16:21:10.165859 [debug] [Thread-2 (]: Opening a new connection, currently in state init
[0m16:21:11.295780 [debug] [Thread-1 (]: Writing runtime sql for node "model.orcid_role_identifier.int_anchor_embeddings"
[0m16:21:11.298061 [debug] [Thread-1 (]: On model.orcid_role_identifier.int_anchor_embeddings: /* {"app": "dbt", "dbt_version": "1.12.0", "profile_name": "orcid_role_identifier", "target_name": "dev", "node_id": "model.orcid_role_identifier.int_anchor_embeddings"} */
-- back compat for old kwarg name
  
  
        
            
            
            
            
        
    

    

    merge into `dat-analytics-eng-ec869189`.`dev_orcid_role_identifier_dictionary`.`int_anchor_embeddings` as DBT_INTERNAL_DEST
        using (

/*
    The target vectors we search against. Must use the SAME model as
    int_title_embeddings - a different model makes the similarity
    scores meaningless.

    Same two guards as int_title_embeddings: an anchor that fails to
    embed would break VECTOR_SEARCH for every title.
*/

with anchors as (

    select
        to_hex(md5(concat(axis, '||', group_key, '||', anchor_term, '||', coalesce(language_code, '')))) as anchor_key,
        axis,
        group_key,
        anchor_term,
        language_code
    from `dat-analytics-eng-ec869189`.`dev_orcid_role_identifier_dictionary`.`int_anchor_terms`
    where length(anchor_term) between 2 and 200

    
      and anchor_key not in (select anchor_key from `dat-analytics-eng-ec869189`.`dev_orcid_role_identifier_dictionary`.`int_anchor_embeddings`)
    

)

select
    anchor_key,
    axis,
    group_key,
    anchor_term,
    language_code,
    ml_generate_embedding_result    as embedding,
    current_timestamp()             as embedded_at
from ml.generate_embedding(
    model `datasn-rm-live.institution_disambiguation.embedding_model`,
    (select anchor_key, axis, group_key, anchor_term, language_code,
            anchor_term as content
     from anchors)
)
where array_length(ml_generate_embedding_result) > 0
        ) as DBT_INTERNAL_SOURCE
        on ((DBT_INTERNAL_SOURCE.anchor_key = DBT_INTERNAL_DEST.anchor_key))

    
    when matched then update set
        `anchor_key` = DBT_INTERNAL_SOURCE.`anchor_key`,`axis` = DBT_INTERNAL_SOURCE.`axis`,`group_key` = DBT_INTERNAL_SOURCE.`group_key`,`anchor_term` = DBT_INTERNAL_SOURCE.`anchor_term`,`language_code` = DBT_INTERNAL_SOURCE.`language_code`,`embedding` = DBT_INTERNAL_SOURCE.`embedding`,`embedded_at` = DBT_INTERNAL_SOURCE.`embedded_at`
    

    when not matched then insert
        (`anchor_key`, `axis`, `group_key`, `anchor_term`, `language_code`, `embedding`, `embedded_at`)
    values
        (`anchor_key`, `axis`, `group_key`, `anchor_term`, `language_code`, `embedding`, `embedded_at`)


    
[0m16:21:11.773062 [debug] [Thread-2 (]: BigQuery adapter: https://console.cloud.google.com/bigquery?project=dat-analytics-eng-ec869189&j=bq:EU:8a8a391a-338b-4f23-bd81-7afa4df0ae41&page=queryresults
[0m16:21:11.940501 [error] [Thread-2 (]: BigQuery adapter: https://console.cloud.google.com/bigquery?project=dat-analytics-eng-ec869189&j=bq:EU:8a8a391a-338b-4f23-bd81-7afa4df0ae41&page=queryresults
[0m16:21:11.968343 [debug] [Thread-2 (]: Database Error in model stg_ror__organisations (models\staging\stg_ror__organisations.sql)
  Unrecognized name: country at [57:9]
  compiled code at target\run\orcid_role_identifier\models\staging\stg_ror__organisations.sql
[0m16:21:11.973216 [debug] [Thread-2 (]: Sending event: {'category': 'dbt', 'action': 'run_model', 'label': 'ac90eb65-d83a-401f-9029-d3249f43788e', 'context': [<snowplow_tracker.self_describing_json.SelfDescribingJson object at 0x000001ACFFA8F950>]}
[0m16:21:11.974786 [error] [Thread-2 (]: 2 of 2 ERROR creating sql view model dev_orcid_role_identifier_staging.stg_ror__organisations  [[31mERROR[0m in 1.93s]
[0m16:21:11.976930 [debug] [Thread-2 (]: Finished running node model.orcid_role_identifier.stg_ror__organisations
[0m16:21:11.978370 [debug] [Thread-11 ]: Marking all children of 'model.orcid_role_identifier.stg_ror__organisations' to be skipped because of status 'error'.  Reason: Database Error in model stg_ror__organisations (models\staging\stg_ror__organisations.sql)
  Unrecognized name: country at [57:9]
  compiled code at target\run\orcid_role_identifier\models\staging\stg_ror__organisations.sql.
[0m16:21:12.037047 [debug] [Thread-1 (]: BigQuery adapter: https://console.cloud.google.com/bigquery?project=dat-analytics-eng-ec869189&j=bq:EU:15a2b4ee-3ee6-4f09-9a12-ccdeb17dd8b5&page=queryresults
[0m16:21:12.377173 [error] [Thread-1 (]: BigQuery adapter: https://console.cloud.google.com/bigquery?project=dat-analytics-eng-ec869189&j=bq:EU:15a2b4ee-3ee6-4f09-9a12-ccdeb17dd8b5&page=queryresults
[0m16:21:12.432400 [debug] [Thread-1 (]: Database Error in model int_anchor_embeddings (models\dictionary\int_anchor_embeddings.sql)
  Unrecognized name: anchor_key; Did you mean anchor_term? at [39:11]
  compiled code at target\run\orcid_role_identifier\models\dictionary\int_anchor_embeddings.sql
[0m16:21:12.433799 [debug] [Thread-1 (]: Sending event: {'category': 'dbt', 'action': 'run_model', 'label': 'ac90eb65-d83a-401f-9029-d3249f43788e', 'context': [<snowplow_tracker.self_describing_json.SelfDescribingJson object at 0x000001ACFF74BA10>]}
[0m16:21:12.435086 [error] [Thread-1 (]: 1 of 2 ERROR creating sql incremental model dev_orcid_role_identifier_dictionary.int_anchor_embeddings  [[31mERROR[0m in 2.42s]
[0m16:21:12.436602 [debug] [Thread-1 (]: Finished running node model.orcid_role_identifier.int_anchor_embeddings
[0m16:21:12.437376 [debug] [Thread-11 ]: Marking all children of 'model.orcid_role_identifier.int_anchor_embeddings' to be skipped because of status 'error'.  Reason: Database Error in model int_anchor_embeddings (models\dictionary\int_anchor_embeddings.sql)
  Unrecognized name: anchor_key; Did you mean anchor_term? at [39:11]
  compiled code at target\run\orcid_role_identifier\models\dictionary\int_anchor_embeddings.sql.
[0m16:21:12.440372 [debug] [MainThread]: Opening a new connection, currently in state closed
[0m16:21:12.441212 [debug] [MainThread]: Connection 'master' was properly closed.
[0m16:21:12.442083 [debug] [MainThread]: Connection 'list_dat-analytics-eng-ec869189' was properly closed.
[0m16:21:12.442843 [debug] [MainThread]: Connection 'list_dat-analytics-eng-ec869189' was properly closed.
[0m16:21:12.443399 [debug] [MainThread]: Connection 'list_dat-analytics-eng-ec869189_dev_orcid_role_identifier_dictionary' was properly closed.
[0m16:21:12.443870 [debug] [MainThread]: Connection 'list_dat-analytics-eng-ec869189_dev_orcid_role_identifier_raw' was properly closed.
[0m16:21:12.444279 [debug] [MainThread]: Connection 'list_dat-analytics-eng-ec869189_dev_orcid_role_identifier_seeds' was properly closed.
[0m16:21:12.444664 [debug] [MainThread]: Connection 'list_dat-analytics-eng-ec869189_dev_orcid_role_identifier_presentation' was properly closed.
[0m16:21:12.445035 [debug] [MainThread]: Connection 'list_dat-analytics-eng-ec869189_dev_orcid_role_identifier_scoring' was properly closed.
[0m16:21:12.445400 [debug] [MainThread]: Connection 'list_dat-analytics-eng-ec869189_dev_orcid_role_identifier_staging' was properly closed.
[0m16:21:12.445796 [debug] [MainThread]: Connection 'model.orcid_role_identifier.int_anchor_embeddings' was properly closed.
[0m16:21:12.446167 [debug] [MainThread]: Connection 'model.orcid_role_identifier.stg_ror__organisations' was properly closed.
[0m16:21:12.446628 [info ] [MainThread]: 
[0m16:21:12.448255 [info ] [MainThread]: Finished running 1 incremental model, 1 view model in 0 hours 0 minutes and 7.11 seconds (7.11s).
[0m16:21:12.449952 [debug] [MainThread]: Command end result
[0m16:21:12.542598 [debug] [MainThread]: Wrote artifact WritableManifest to C:\analytics_engineering_dbt\orcid_role_identifier\target\manifest.json
[0m16:21:12.548464 [debug] [MainThread]: Wrote artifact SemanticManifest to C:\analytics_engineering_dbt\orcid_role_identifier\target\semantic_manifest.json
[0m16:21:12.553498 [debug] [MainThread]: Wrote artifact OsiDocument to C:\analytics_engineering_dbt\orcid_role_identifier\target\osi_document.json
[0m16:21:12.563521 [debug] [MainThread]: Wrote artifact RunExecutionResult to C:\analytics_engineering_dbt\orcid_role_identifier\target\run_results.json
[0m16:21:12.564166 [info ] [MainThread]: 
[0m16:21:12.565180 [info ] [MainThread]: [31mCompleted with 2 errors, 0 partial successes, and 0 warnings:[0m
[0m16:21:12.565910 [info ] [MainThread]: 
[0m16:21:12.566964 [error] [MainThread]: [[31mERROR[0m]: in model stg_ror__organisations (models\staging\stg_ror__organisations.sql)
[0m16:21:12.567724 [error] [MainThread]:   Database Error in model stg_ror__organisations (models\staging\stg_ror__organisations.sql)
  Unrecognized name: country at [57:9]
  compiled code at target\run\orcid_role_identifier\models\staging\stg_ror__organisations.sql
[0m16:21:12.568341 [info ] [MainThread]: 
[0m16:21:12.569077 [info ] [MainThread]:   compiled code at target\compiled\orcid_role_identifier\models\staging\stg_ror__organisations.sql
[0m16:21:12.569626 [info ] [MainThread]: 
[0m16:21:12.570229 [error] [MainThread]: [[31mERROR[0m]: in model int_anchor_embeddings (models\dictionary\int_anchor_embeddings.sql)
[0m16:21:12.570987 [error] [MainThread]:   Database Error in model int_anchor_embeddings (models\dictionary\int_anchor_embeddings.sql)
  Unrecognized name: anchor_key; Did you mean anchor_term? at [39:11]
  compiled code at target\run\orcid_role_identifier\models\dictionary\int_anchor_embeddings.sql
[0m16:21:12.571513 [info ] [MainThread]: 
[0m16:21:12.572191 [info ] [MainThread]:   compiled code at target\compiled\orcid_role_identifier\models\dictionary\int_anchor_embeddings.sql
[0m16:21:12.572699 [info ] [MainThread]: 
[0m16:21:12.573324 [info ] [MainThread]: Done. PASS=0 WARN=0 ERROR=2 SKIP=0 NO-OP=0 REUSED=0 TOTAL=2
[0m16:21:12.574696 [debug] [MainThread]: Command `dbt run` failed at 16:21:12.574517 after 11.18 seconds
[0m16:21:12.575250 [debug] [MainThread]: Sending event: {'category': 'dbt', 'action': 'invocation', 'label': 'end', 'context': [<snowplow_tracker.self_describing_json.SelfDescribingJson object at 0x000001ACFFAB44B0>, <snowplow_tracker.self_describing_json.SelfDescribingJson object at 0x000001ACFFB34DD0>, <snowplow_tracker.self_describing_json.SelfDescribingJson object at 0x000001ACFF3E6ED0>]}
[0m16:21:12.575748 [debug] [MainThread]: Flushing usage events
[0m16:21:13.500673 [debug] [MainThread]: An error was encountered while trying to flush usage events
[0m16:22:40.026327 [debug] [MainThread]: Sending event: {'category': 'dbt', 'action': 'invocation', 'label': 'start', 'context': [<snowplow_tracker.self_describing_json.SelfDescribingJson object at 0x000001AA054FEF90>, <snowplow_tracker.self_describing_json.SelfDescribingJson object at 0x000001AA07D1FD90>, <snowplow_tracker.self_describing_json.SelfDescribingJson object at 0x000001AA07D1F9D0>]}


============================== 16:22:40.032373 | 1133dd63-4465-44ef-a0d0-d2373ecc0838 ==============================
[0m16:22:40.032373 [info ] [MainThread]: Running with dbt=1.12.0
[0m16:22:40.033120 [debug] [MainThread]: running dbt with arguments {'version_check': 'True', 'no_print': 'None', 'maximum_seed_size_mib': '1', 'warn_error_options': 'WarnErrorOptionsV2(error=[], warn=[], silence=[])', 'static_parser': 'True', 'target_path': 'None', 'printer_width': '80', 'write_json': 'True', 'introspect': 'True', 'log_cache_events': 'False', 'empty': 'False', 'cache_selected_only': 'False', 'fail_fast': 'False', 'debug': 'False', 'log_format': 'default', 'partial_parse': 'True', 'send_anonymous_usage_stats': 'True', 'quiet': 'False', 'warn_error': 'None', 'profiles_dir': 'C:\\analytics_engineering_dbt\\orcid_role_identifier', 'indirect_selection': 'eager', 'hints_enabled': 'True', 'invocation_command': 'dbt run --select stg_ror__organisations int_anchor_embeddings', 'use_experimental_parser': 'False', 'use_colors': 'True', 'log_path': 'C:\\analytics_engineering_dbt\\orcid_role_identifier\\logs'}
[0m16:22:42.649224 [debug] [MainThread]: Sending event: {'category': 'dbt', 'action': 'project_id', 'label': '1133dd63-4465-44ef-a0d0-d2373ecc0838', 'context': [<snowplow_tracker.self_describing_json.SelfDescribingJson object at 0x000001AA05C803E0>]}
[0m16:22:42.756244 [debug] [MainThread]: Sending event: {'category': 'dbt', 'action': 'adapter_info', 'label': '1133dd63-4465-44ef-a0d0-d2373ecc0838', 'context': [<snowplow_tracker.self_describing_json.SelfDescribingJson object at 0x000001AA25126360>]}
[0m16:22:42.757127 [info ] [MainThread]: Registered adapter: bigquery=1.12.0
[0m16:22:43.361148 [debug] [MainThread]: checksum: 06d061997f46e5ca1259b0fae4fe9e9dedb1949b16edb4376a9dd3cef0739338, vars: {}, profile: orcid_role_identifier, target: dev, version: 1.12.0
[0m16:22:43.743986 [debug] [MainThread]: Partial parsing enabled: 0 files deleted, 0 files added, 2 files changed.
[0m16:22:43.744789 [debug] [MainThread]: Partial parsing: updated file: orcid_role_identifier://models\dictionary\int_anchor_embeddings.sql
[0m16:22:43.745209 [debug] [MainThread]: Partial parsing: updated file: orcid_role_identifier://models\staging\stg_ror__organisations.sql
[0m16:22:44.651962 [debug] [MainThread]: Sending event: {'category': 'dbt', 'action': 'load_project', 'label': '1133dd63-4465-44ef-a0d0-d2373ecc0838', 'context': [<snowplow_tracker.self_describing_json.SelfDescribingJson object at 0x000001AA2590FD50>]}
[0m16:22:44.892403 [debug] [MainThread]: Wrote artifact WritableManifest to C:\analytics_engineering_dbt\orcid_role_identifier\target\manifest.json
[0m16:22:44.914554 [debug] [MainThread]: Wrote artifact SemanticManifest to C:\analytics_engineering_dbt\orcid_role_identifier\target\semantic_manifest.json
[0m16:22:44.950695 [debug] [MainThread]: Wrote artifact OsiDocument to C:\analytics_engineering_dbt\orcid_role_identifier\target\osi_document.json
[0m16:22:44.974471 [debug] [MainThread]: Sending event: {'category': 'dbt', 'action': 'resource_counts', 'label': '1133dd63-4465-44ef-a0d0-d2373ecc0838', 'context': [<snowplow_tracker.self_describing_json.SelfDescribingJson object at 0x000001AA25698230>]}
[0m16:22:44.974993 [info ] [MainThread]: Found 26 models, 15 analyses, 44 data tests, 6 seeds, 4 sources, 699 macros
[0m16:22:44.975600 [debug] [MainThread]: Sending event: {'category': 'dbt', 'action': 'runnable_timing', 'label': '1133dd63-4465-44ef-a0d0-d2373ecc0838', 'context': [<snowplow_tracker.self_describing_json.SelfDescribingJson object at 0x000001AA26CEE430>]}
[0m16:22:44.979333 [info ] [MainThread]: 
[0m16:22:44.979908 [info ] [MainThread]: Concurrency: 8 threads (target='dev')
[0m16:22:44.980804 [info ] [MainThread]: 
[0m16:22:44.981603 [debug] [MainThread]: Acquiring new bigquery connection 'master'
[0m16:22:44.986682 [debug] [ThreadPool]: Acquiring new bigquery connection 'list_dat-analytics-eng-ec869189'
[0m16:22:44.987046 [debug] [ThreadPool]: Opening a new connection, currently in state init
[0m16:22:44.988098 [debug] [ThreadPool]: Acquiring new bigquery connection 'list_dat-analytics-eng-ec869189'
[0m16:22:44.988416 [debug] [ThreadPool]: Opening a new connection, currently in state init
[0m16:22:47.449661 [debug] [ThreadPool]: Acquiring new bigquery connection 'list_dat-analytics-eng-ec869189_dev_orcid_role_identifier_dictionary'
[0m16:22:47.450405 [debug] [ThreadPool]: Opening a new connection, currently in state init
[0m16:22:47.451059 [debug] [ThreadPool]: Acquiring new bigquery connection 'list_dat-analytics-eng-ec869189_dev_orcid_role_identifier_staging'
[0m16:22:47.453098 [debug] [ThreadPool]: Opening a new connection, currently in state init
[0m16:22:47.453715 [debug] [ThreadPool]: Acquiring new bigquery connection 'list_dat-analytics-eng-ec869189_dev_orcid_role_identifier_scoring'
[0m16:22:47.455500 [debug] [ThreadPool]: Acquiring new bigquery connection 'list_dat-analytics-eng-ec869189_dev_orcid_role_identifier_seeds'
[0m16:22:47.457154 [debug] [ThreadPool]: Opening a new connection, currently in state init
[0m16:22:47.458220 [debug] [ThreadPool]: Acquiring new bigquery connection 'list_dat-analytics-eng-ec869189_dev_orcid_role_identifier_presentation'
[0m16:22:47.460079 [debug] [ThreadPool]: Opening a new connection, currently in state init
[0m16:22:47.460934 [debug] [ThreadPool]: Acquiring new bigquery connection 'list_dat-analytics-eng-ec869189_dev_orcid_role_identifier_raw'
[0m16:22:47.462989 [debug] [ThreadPool]: Opening a new connection, currently in state init
[0m16:22:47.464502 [debug] [ThreadPool]: Opening a new connection, currently in state init
[0m16:22:48.255185 [debug] [MainThread]: Sending event: {'category': 'dbt', 'action': 'runnable_timing', 'label': '1133dd63-4465-44ef-a0d0-d2373ecc0838', 'context': [<snowplow_tracker.self_describing_json.SelfDescribingJson object at 0x000001AA26D7B930>]}
[0m16:22:48.256166 [debug] [MainThread]: Opening a new connection, currently in state init
[0m16:22:48.277075 [debug] [Thread-1 (]: Began running node model.orcid_role_identifier.int_anchor_embeddings
[0m16:22:48.278115 [debug] [Thread-2 (]: Began running node model.orcid_role_identifier.stg_ror__organisations
[0m16:22:48.279194 [info ] [Thread-1 (]: 1 of 2 START sql incremental model dev_orcid_role_identifier_dictionary.int_anchor_embeddings  [RUN]
[0m16:22:48.281620 [debug] [Thread-1 (]: Acquiring new bigquery connection 'model.orcid_role_identifier.int_anchor_embeddings'
[0m16:22:48.280454 [info ] [Thread-2 (]: 2 of 2 START sql view model dev_orcid_role_identifier_staging.stg_ror__organisations  [RUN]
[0m16:22:48.282464 [debug] [Thread-1 (]: Began compiling node model.orcid_role_identifier.int_anchor_embeddings
[0m16:22:48.283405 [debug] [Thread-2 (]: Acquiring new bigquery connection 'model.orcid_role_identifier.stg_ror__organisations'
[0m16:22:48.302687 [debug] [Thread-1 (]: Writing injected SQL for node "model.orcid_role_identifier.int_anchor_embeddings"
[0m16:22:48.303847 [debug] [Thread-2 (]: Began compiling node model.orcid_role_identifier.stg_ror__organisations
[0m16:22:48.310605 [debug] [Thread-2 (]: Writing injected SQL for node "model.orcid_role_identifier.stg_ror__organisations"
[0m16:22:48.312396 [debug] [Thread-1 (]: Began executing node model.orcid_role_identifier.int_anchor_embeddings
[0m16:22:48.313300 [debug] [Thread-2 (]: Began executing node model.orcid_role_identifier.stg_ror__organisations
[0m16:22:48.410233 [debug] [Thread-1 (]: Opening a new connection, currently in state init
[0m16:22:48.415923 [debug] [Thread-2 (]: Writing runtime sql for node "model.orcid_role_identifier.stg_ror__organisations"
[0m16:22:48.420160 [debug] [Thread-2 (]: On model.orcid_role_identifier.stg_ror__organisations: /* {"app": "dbt", "dbt_version": "1.12.0", "profile_name": "orcid_role_identifier", "target_name": "dev", "node_id": "model.orcid_role_identifier.stg_ror__organisations"} */


  create or replace view `dat-analytics-eng-ec869189`.`dev_orcid_role_identifier_staging`.`stg_ror__organisations`
  OPTIONS(
      description="""ROR organisation registry. The organisation TYPE (Education / Healthcare / Company ...) comes from here and drives org scoring.\n"""
    )
  as 

/*
    ROR ORGANISATION REGISTRY

    WHAT IT IS FOR:
    Scoring needs the organisation TYPE. "Does this person work in a
    hospital, a university, or a bank?" The same title means different
    things in different settings:

        "Director" + hospital   -> healthcare administrator
        "Director" + bank       -> irrelevant

    Deriving the type from the NAME is unreliable ("St. Mary's Hosp." -
    a hospital?). A regex would miss hundreds of variants; this was a
    known weakness in Phase-1.

    ROR gives it to us directly: every organisation has an id and a TYPE.

        ror_id: 013czdx64
        name:   Heidelberg University Hospital
        types:  [Education, Healthcare]       <-- what we need

    These types are scored via seeds/org_type_scores.csv.

    ror_data_refresh is ROR's OWN registry dump (confirmed), not a
    previously produced matching output.

    !! VERIFY COLUMN NAMES:
       bq show --schema ri-data-engineering-dd4c0eca:ror.ror_data_refresh
*/

with base as (
    select
        id,
        coalesce(
            (
                select n.value
                from unnest(names) n
                where 'ror_display' in unnest(coalesce(n.types, []))
                limit 1
            ),
            (
                select n.value
                from unnest(names) n
                limit 1
            )
        )                                        as canonical_name,
        types,
        (
            select c.country_code
            from unnest(countries) c
            limit 1
        )                                        as ror_country_code,
        external_ids
    from `dat-analytics-eng-ec869189`.`dev_orcid_role_identifier_raw`.`raw_ror_data_refresh`
)

select
    id                                          as ror_id,
    canonical_name,
    
    NULLIF(TRIM(REGEXP_REPLACE(
        
    NULLIF(
        TRIM(
            REGEXP_REPLACE(
                REGEXP_REPLACE(
                    LOWER(NORMALIZE_AND_CASEFOLD(COALESCE(canonical_name, ''), NFKC)),
                    r'[^\p{L}\p{N}\s&/+-]', ' '
                ),
                r'\s+', ' '
            )
        ),
        ''
    )

,
        r'\s+', ' '
    )), '')
     as organisation,     -- name-match key

    -- types is an ARRAY: a university hospital is both Education and Healthcare
    types                                       as ror_types,

    ror_country_code,

    -- non-ROR identifiers: RINGGOLD / GRID / FUNDREF / ISNI ...
    -- flattened by stg_ror__external_ids
    external_ids

from base;


[0m16:22:48.421486 [debug] [Thread-2 (]: Opening a new connection, currently in state init
[0m16:22:48.786809 [debug] [Thread-1 (]: Writing runtime sql for node "model.orcid_role_identifier.int_anchor_embeddings"
[0m16:22:48.788054 [debug] [Thread-1 (]: On model.orcid_role_identifier.int_anchor_embeddings: /* {"app": "dbt", "dbt_version": "1.12.0", "profile_name": "orcid_role_identifier", "target_name": "dev", "node_id": "model.orcid_role_identifier.int_anchor_embeddings"} */
-- back compat for old kwarg name
  
  
        
            
            
            
            
        
    

    

    merge into `dat-analytics-eng-ec869189`.`dev_orcid_role_identifier_dictionary`.`int_anchor_embeddings` as DBT_INTERNAL_DEST
        using (

/*
    The target vectors we search against. Must use the SAME model as
    int_title_embeddings - a different model makes the similarity
    scores meaningless.

    Same two guards as int_title_embeddings: an anchor that fails to
    embed would break VECTOR_SEARCH for every title.
*/

with source_terms as (

    select
        axis,
        group_key,
        anchor_term,
        language_code
    from `dat-analytics-eng-ec869189`.`dev_orcid_role_identifier_dictionary`.`int_anchor_terms`
    where length(anchor_term) between 2 and 200

),

anchors as (

    select
        to_hex(md5(concat(axis, '||', group_key, '||', anchor_term, '||', coalesce(language_code, '')))) as anchor_key,
        axis,
        group_key,
        anchor_term,
        language_code
    from source_terms

    
    where to_hex(md5(concat(axis, '||', group_key, '||', anchor_term, '||', coalesce(language_code, ''))))
          not in (select anchor_key from `dat-analytics-eng-ec869189`.`dev_orcid_role_identifier_dictionary`.`int_anchor_embeddings`)
    

)

select
    anchor_key,
    axis,
    group_key,
    anchor_term,
    language_code,
    ml_generate_embedding_result    as embedding,
    current_timestamp()             as embedded_at
from ml.generate_embedding(
    model `datasn-rm-live.institution_disambiguation.embedding_model`,
    (select anchor_key, axis, group_key, anchor_term, language_code,
            anchor_term as content
     from anchors)
)
where array_length(ml_generate_embedding_result) > 0
        ) as DBT_INTERNAL_SOURCE
        on ((DBT_INTERNAL_SOURCE.anchor_key = DBT_INTERNAL_DEST.anchor_key))

    
    when matched then update set
        `anchor_key` = DBT_INTERNAL_SOURCE.`anchor_key`,`axis` = DBT_INTERNAL_SOURCE.`axis`,`group_key` = DBT_INTERNAL_SOURCE.`group_key`,`anchor_term` = DBT_INTERNAL_SOURCE.`anchor_term`,`language_code` = DBT_INTERNAL_SOURCE.`language_code`,`embedding` = DBT_INTERNAL_SOURCE.`embedding`,`embedded_at` = DBT_INTERNAL_SOURCE.`embedded_at`
    

    when not matched then insert
        (`anchor_key`, `axis`, `group_key`, `anchor_term`, `language_code`, `embedding`, `embedded_at`)
    values
        (`anchor_key`, `axis`, `group_key`, `anchor_term`, `language_code`, `embedding`, `embedded_at`)


    
[0m16:22:49.290247 [debug] [Thread-2 (]: BigQuery adapter: https://console.cloud.google.com/bigquery?project=dat-analytics-eng-ec869189&j=bq:EU:f3f967be-d1c1-410a-8d9e-96870c7b39e9&page=queryresults
[0m16:22:49.469603 [debug] [Thread-1 (]: BigQuery adapter: https://console.cloud.google.com/bigquery?project=dat-analytics-eng-ec869189&j=bq:EU:af4d1c77-f0d1-4657-9221-5ff8a7a9a48c&page=queryresults
[0m16:22:49.470657 [error] [Thread-2 (]: BigQuery adapter: https://console.cloud.google.com/bigquery?project=dat-analytics-eng-ec869189&j=bq:EU:f3f967be-d1c1-410a-8d9e-96870c7b39e9&page=queryresults
[0m16:22:49.505555 [debug] [Thread-2 (]: Database Error in model stg_ror__organisations (models\staging\stg_ror__organisations.sql)
  Unrecognized name: countries at [59:25]
  compiled code at target\run\orcid_role_identifier\models\staging\stg_ror__organisations.sql
[0m16:22:49.509956 [debug] [Thread-2 (]: Sending event: {'category': 'dbt', 'action': 'run_model', 'label': '1133dd63-4465-44ef-a0d0-d2373ecc0838', 'context': [<snowplow_tracker.self_describing_json.SelfDescribingJson object at 0x000001AA26F63290>]}
[0m16:22:49.511512 [error] [Thread-2 (]: 2 of 2 ERROR creating sql view model dev_orcid_role_identifier_staging.stg_ror__organisations  [[31mERROR[0m in 1.22s]
[0m16:22:49.512803 [debug] [Thread-2 (]: Finished running node model.orcid_role_identifier.stg_ror__organisations
[0m16:22:49.513357 [debug] [Thread-11 ]: Marking all children of 'model.orcid_role_identifier.stg_ror__organisations' to be skipped because of status 'error'.  Reason: Database Error in model stg_ror__organisations (models\staging\stg_ror__organisations.sql)
  Unrecognized name: countries at [59:25]
  compiled code at target\run\orcid_role_identifier\models\staging\stg_ror__organisations.sql.
[0m16:22:53.138229 [debug] [Thread-1 (]: SQL status: OK in 3.667 seconds
[0m16:22:53.331850 [debug] [Thread-1 (]: Sending event: {'category': 'dbt', 'action': 'run_model', 'label': '1133dd63-4465-44ef-a0d0-d2373ecc0838', 'context': [<snowplow_tracker.self_describing_json.SelfDescribingJson object at 0x000001AA26D45D30>]}
[0m16:22:53.332627 [info ] [Thread-1 (]: 1 of 2 OK created sql incremental model dev_orcid_role_identifier_dictionary.int_anchor_embeddings  [[32mMERGE (0.0 rows, 1.7 MiB processed)[0m in 5.05s]
[0m16:22:53.333954 [debug] [Thread-1 (]: Finished running node model.orcid_role_identifier.int_anchor_embeddings
[0m16:22:53.336328 [debug] [MainThread]: Opening a new connection, currently in state closed
[0m16:22:53.337062 [debug] [MainThread]: Connection 'master' was properly closed.
[0m16:22:53.337336 [debug] [MainThread]: Connection 'list_dat-analytics-eng-ec869189' was properly closed.
[0m16:22:53.337547 [debug] [MainThread]: Connection 'list_dat-analytics-eng-ec869189' was properly closed.
[0m16:22:53.337773 [debug] [MainThread]: Connection 'list_dat-analytics-eng-ec869189_dev_orcid_role_identifier_dictionary' was properly closed.
[0m16:22:53.337983 [debug] [MainThread]: Connection 'list_dat-analytics-eng-ec869189_dev_orcid_role_identifier_staging' was properly closed.
[0m16:22:53.338173 [debug] [MainThread]: Connection 'list_dat-analytics-eng-ec869189_dev_orcid_role_identifier_scoring' was properly closed.
[0m16:22:53.338361 [debug] [MainThread]: Connection 'list_dat-analytics-eng-ec869189_dev_orcid_role_identifier_seeds' was properly closed.
[0m16:22:53.338543 [debug] [MainThread]: Connection 'list_dat-analytics-eng-ec869189_dev_orcid_role_identifier_presentation' was properly closed.
[0m16:22:53.338748 [debug] [MainThread]: Connection 'list_dat-analytics-eng-ec869189_dev_orcid_role_identifier_raw' was properly closed.
[0m16:22:53.338931 [debug] [MainThread]: Connection 'model.orcid_role_identifier.int_anchor_embeddings' was properly closed.
[0m16:22:53.339114 [debug] [MainThread]: Connection 'model.orcid_role_identifier.stg_ror__organisations' was properly closed.
[0m16:22:53.339345 [info ] [MainThread]: 
[0m16:22:53.339933 [info ] [MainThread]: Finished running 1 incremental model, 1 view model in 0 hours 0 minutes and 8.36 seconds (8.36s).
[0m16:22:53.341827 [debug] [MainThread]: Command end result
[0m16:22:53.407061 [debug] [MainThread]: Wrote artifact WritableManifest to C:\analytics_engineering_dbt\orcid_role_identifier\target\manifest.json
[0m16:22:53.411184 [debug] [MainThread]: Wrote artifact SemanticManifest to C:\analytics_engineering_dbt\orcid_role_identifier\target\semantic_manifest.json
[0m16:22:53.414528 [debug] [MainThread]: Wrote artifact OsiDocument to C:\analytics_engineering_dbt\orcid_role_identifier\target\osi_document.json
[0m16:22:53.422942 [debug] [MainThread]: Wrote artifact RunExecutionResult to C:\analytics_engineering_dbt\orcid_role_identifier\target\run_results.json
[0m16:22:53.423340 [info ] [MainThread]: 
[0m16:22:53.424099 [info ] [MainThread]: [31mCompleted with 1 error, 0 partial successes, and 0 warnings:[0m
[0m16:22:53.424883 [info ] [MainThread]: 
[0m16:22:53.425677 [error] [MainThread]: [[31mERROR[0m]: in model stg_ror__organisations (models\staging\stg_ror__organisations.sql)
[0m16:22:53.427557 [error] [MainThread]:   Database Error in model stg_ror__organisations (models\staging\stg_ror__organisations.sql)
  Unrecognized name: countries at [59:25]
  compiled code at target\run\orcid_role_identifier\models\staging\stg_ror__organisations.sql
[0m16:22:53.428209 [info ] [MainThread]: 
[0m16:22:53.428861 [info ] [MainThread]:   compiled code at target\compiled\orcid_role_identifier\models\staging\stg_ror__organisations.sql
[0m16:22:53.429451 [info ] [MainThread]: 
[0m16:22:53.429967 [info ] [MainThread]: Done. PASS=1 WARN=0 ERROR=1 SKIP=0 NO-OP=0 REUSED=0 TOTAL=2
[0m16:22:53.431063 [debug] [MainThread]: Command `dbt run` failed at 16:22:53.430917 after 13.68 seconds
[0m16:22:53.431456 [debug] [MainThread]: Sending event: {'category': 'dbt', 'action': 'invocation', 'label': 'end', 'context': [<snowplow_tracker.self_describing_json.SelfDescribingJson object at 0x000001AA26F5D3B0>, <snowplow_tracker.self_describing_json.SelfDescribingJson object at 0x000001AA26E4FC80>, <snowplow_tracker.self_describing_json.SelfDescribingJson object at 0x000001AA25A061D0>]}
[0m16:22:53.431774 [debug] [MainThread]: Flushing usage events
[0m16:22:53.894122 [debug] [MainThread]: An error was encountered while trying to flush usage events
[0m16:23:41.203183 [debug] [MainThread]: Sending event: {'category': 'dbt', 'action': 'invocation', 'label': 'start', 'context': [<snowplow_tracker.self_describing_json.SelfDescribingJson object at 0x000002D085A42F90>, <snowplow_tracker.self_describing_json.SelfDescribingJson object at 0x000002D08826FD90>, <snowplow_tracker.self_describing_json.SelfDescribingJson object at 0x000002D08826F9D0>]}


============================== 16:23:41.209488 | a7f359ff-1708-4476-86d8-0714576b3d1d ==============================
[0m16:23:41.209488 [info ] [MainThread]: Running with dbt=1.12.0
[0m16:23:41.210630 [debug] [MainThread]: running dbt with arguments {'static_parser': 'True', 'no_print': 'None', 'maximum_seed_size_mib': '1', 'warn_error_options': 'WarnErrorOptionsV2(error=[], warn=[], silence=[])', 'target_path': 'None', 'version_check': 'True', 'printer_width': '80', 'write_json': 'True', 'introspect': 'True', 'log_cache_events': 'False', 'empty': 'False', 'cache_selected_only': 'False', 'fail_fast': 'False', 'debug': 'False', 'log_format': 'default', 'partial_parse': 'True', 'send_anonymous_usage_stats': 'True', 'quiet': 'False', 'warn_error': 'None', 'profiles_dir': 'C:\\analytics_engineering_dbt\\orcid_role_identifier', 'indirect_selection': 'eager', 'hints_enabled': 'True', 'invocation_command': 'dbt run --select stg_ror__organisations', 'use_experimental_parser': 'False', 'use_colors': 'True', 'log_path': 'C:\\analytics_engineering_dbt\\orcid_role_identifier\\logs'}
[0m16:23:42.702719 [debug] [MainThread]: Sending event: {'category': 'dbt', 'action': 'project_id', 'label': 'a7f359ff-1708-4476-86d8-0714576b3d1d', 'context': [<snowplow_tracker.self_describing_json.SelfDescribingJson object at 0x000002D0861D43E0>]}
[0m16:23:42.826494 [debug] [MainThread]: Sending event: {'category': 'dbt', 'action': 'adapter_info', 'label': 'a7f359ff-1708-4476-86d8-0714576b3d1d', 'context': [<snowplow_tracker.self_describing_json.SelfDescribingJson object at 0x000002D0A5682360>]}
[0m16:23:42.827399 [info ] [MainThread]: Registered adapter: bigquery=1.12.0
[0m16:23:43.244523 [debug] [MainThread]: checksum: 06d061997f46e5ca1259b0fae4fe9e9dedb1949b16edb4376a9dd3cef0739338, vars: {}, profile: orcid_role_identifier, target: dev, version: 1.12.0
[0m16:23:43.538867 [debug] [MainThread]: Partial parsing enabled: 0 files deleted, 0 files added, 1 files changed.
[0m16:23:43.541123 [debug] [MainThread]: Partial parsing: updated file: orcid_role_identifier://models\staging\stg_ror__organisations.sql
[0m16:23:44.482959 [debug] [MainThread]: Sending event: {'category': 'dbt', 'action': 'load_project', 'label': 'a7f359ff-1708-4476-86d8-0714576b3d1d', 'context': [<snowplow_tracker.self_describing_json.SelfDescribingJson object at 0x000002D0A5E6FE50>]}
[0m16:23:44.669710 [debug] [MainThread]: Wrote artifact WritableManifest to C:\analytics_engineering_dbt\orcid_role_identifier\target\manifest.json
[0m16:23:44.674374 [debug] [MainThread]: Wrote artifact SemanticManifest to C:\analytics_engineering_dbt\orcid_role_identifier\target\semantic_manifest.json
[0m16:23:44.698289 [debug] [MainThread]: Wrote artifact OsiDocument to C:\analytics_engineering_dbt\orcid_role_identifier\target\osi_document.json
[0m16:23:44.719560 [debug] [MainThread]: Sending event: {'category': 'dbt', 'action': 'resource_counts', 'label': 'a7f359ff-1708-4476-86d8-0714576b3d1d', 'context': [<snowplow_tracker.self_describing_json.SelfDescribingJson object at 0x000002D0A5C0C5F0>]}
[0m16:23:44.720132 [info ] [MainThread]: Found 26 models, 15 analyses, 44 data tests, 6 seeds, 4 sources, 699 macros
[0m16:23:44.720770 [debug] [MainThread]: Sending event: {'category': 'dbt', 'action': 'runnable_timing', 'label': 'a7f359ff-1708-4476-86d8-0714576b3d1d', 'context': [<snowplow_tracker.self_describing_json.SelfDescribingJson object at 0x000002D0A724B070>]}
[0m16:23:44.724092 [info ] [MainThread]: 
[0m16:23:44.724801 [info ] [MainThread]: Concurrency: 8 threads (target='dev')
[0m16:23:44.725466 [info ] [MainThread]: 
[0m16:23:44.727039 [debug] [MainThread]: Acquiring new bigquery connection 'master'
[0m16:23:44.729049 [debug] [ThreadPool]: Acquiring new bigquery connection 'list_dat-analytics-eng-ec869189'
[0m16:23:44.729741 [debug] [ThreadPool]: Opening a new connection, currently in state init
[0m16:23:46.988291 [debug] [ThreadPool]: Acquiring new bigquery connection 'list_dat-analytics-eng-ec869189_dev_orcid_role_identifier_presentation'
[0m16:23:46.988703 [debug] [ThreadPool]: Opening a new connection, currently in state init
[0m16:23:46.992797 [debug] [ThreadPool]: Acquiring new bigquery connection 'list_dat-analytics-eng-ec869189_dev_orcid_role_identifier_dictionary'
[0m16:23:46.994095 [debug] [ThreadPool]: Opening a new connection, currently in state init
[0m16:23:46.997873 [debug] [ThreadPool]: Acquiring new bigquery connection 'list_dat-analytics-eng-ec869189_dev_orcid_role_identifier_scoring'
[0m16:23:46.998346 [debug] [ThreadPool]: Opening a new connection, currently in state init
[0m16:23:47.000163 [debug] [ThreadPool]: Acquiring new bigquery connection 'list_dat-analytics-eng-ec869189_dev_orcid_role_identifier_raw'
[0m16:23:47.000607 [debug] [ThreadPool]: Opening a new connection, currently in state init
[0m16:23:47.003471 [debug] [ThreadPool]: Acquiring new bigquery connection 'list_dat-analytics-eng-ec869189_dev_orcid_role_identifier_seeds'
[0m16:23:47.004430 [debug] [ThreadPool]: Opening a new connection, currently in state init
[0m16:23:47.008353 [debug] [ThreadPool]: Acquiring new bigquery connection 'list_dat-analytics-eng-ec869189_dev_orcid_role_identifier_staging'
[0m16:23:47.010267 [debug] [ThreadPool]: Opening a new connection, currently in state init
[0m16:23:47.494820 [debug] [MainThread]: Sending event: {'category': 'dbt', 'action': 'runnable_timing', 'label': 'a7f359ff-1708-4476-86d8-0714576b3d1d', 'context': [<snowplow_tracker.self_describing_json.SelfDescribingJson object at 0x000002D0A72D3380>]}
[0m16:23:47.495974 [debug] [MainThread]: Opening a new connection, currently in state init
[0m16:23:47.510026 [debug] [Thread-1 (]: Began running node model.orcid_role_identifier.stg_ror__organisations
[0m16:23:47.511695 [info ] [Thread-1 (]: 1 of 1 START sql view model dev_orcid_role_identifier_staging.stg_ror__organisations  [RUN]
[0m16:23:47.512997 [debug] [Thread-1 (]: Acquiring new bigquery connection 'model.orcid_role_identifier.stg_ror__organisations'
[0m16:23:47.513658 [debug] [Thread-1 (]: Began compiling node model.orcid_role_identifier.stg_ror__organisations
[0m16:23:47.529665 [debug] [Thread-1 (]: Writing injected SQL for node "model.orcid_role_identifier.stg_ror__organisations"
[0m16:23:47.532763 [debug] [Thread-1 (]: Began executing node model.orcid_role_identifier.stg_ror__organisations
[0m16:23:47.592452 [debug] [Thread-1 (]: Writing runtime sql for node "model.orcid_role_identifier.stg_ror__organisations"
[0m16:23:47.594815 [debug] [Thread-1 (]: On model.orcid_role_identifier.stg_ror__organisations: /* {"app": "dbt", "dbt_version": "1.12.0", "profile_name": "orcid_role_identifier", "target_name": "dev", "node_id": "model.orcid_role_identifier.stg_ror__organisations"} */


  create or replace view `dat-analytics-eng-ec869189`.`dev_orcid_role_identifier_staging`.`stg_ror__organisations`
  OPTIONS(
      description="""ROR organisation registry. The organisation TYPE (Education / Healthcare / Company ...) comes from here and drives org scoring.\n"""
    )
  as 

/*
    ROR ORGANISATION REGISTRY

    WHAT IT IS FOR:
    Scoring needs the organisation TYPE. "Does this person work in a
    hospital, a university, or a bank?" The same title means different
    things in different settings:

        "Director" + hospital   -> healthcare administrator
        "Director" + bank       -> irrelevant

    Deriving the type from the NAME is unreliable ("St. Mary's Hosp." -
    a hospital?). A regex would miss hundreds of variants; this was a
    known weakness in Phase-1.

    ROR gives it to us directly: every organisation has an id and a TYPE.

        ror_id: 013czdx64
        name:   Heidelberg University Hospital
        types:  [Education, Healthcare]       <-- what we need

    These types are scored via seeds/org_type_scores.csv.

    ror_data_refresh is ROR's OWN registry dump (confirmed), not a
    previously produced matching output.

    !! VERIFY COLUMN NAMES:
       bq show --schema ri-data-engineering-dd4c0eca:ror.ror_data_refresh
*/

with base as (
    select
        id,
        coalesce(
            (
                select n.value
                from unnest(names) n
                where 'ror_display' in unnest(coalesce(n.types, []))
                limit 1
            ),
            (
                select n.value
                from unnest(names) n
                limit 1
            )
        )                                        as canonical_name,
        types,
        cast(null as string)                     as ror_country_code,
        external_ids
    from `dat-analytics-eng-ec869189`.`dev_orcid_role_identifier_raw`.`raw_ror_data_refresh`
)

select
    id                                          as ror_id,
    canonical_name,
    
    NULLIF(TRIM(REGEXP_REPLACE(
        
    NULLIF(
        TRIM(
            REGEXP_REPLACE(
                REGEXP_REPLACE(
                    LOWER(NORMALIZE_AND_CASEFOLD(COALESCE(canonical_name, ''), NFKC)),
                    r'[^\p{L}\p{N}\s&/+-]', ' '
                ),
                r'\s+', ' '
            )
        ),
        ''
    )

,
        r'\s+', ' '
    )), '')
     as organisation,     -- name-match key

    -- types is an ARRAY: a university hospital is both Education and Healthcare
    types                                       as ror_types,

    ror_country_code,

    -- non-ROR identifiers: RINGGOLD / GRID / FUNDREF / ISNI ...
    -- flattened by stg_ror__external_ids
    external_ids

from base;


[0m16:23:47.595896 [debug] [Thread-1 (]: Opening a new connection, currently in state init
[0m16:23:48.633533 [debug] [Thread-1 (]: BigQuery adapter: https://console.cloud.google.com/bigquery?project=dat-analytics-eng-ec869189&j=bq:EU:3029c8a3-07d1-46b3-9133-6e7352e2706c&page=queryresults
[0m16:23:49.023246 [debug] [Thread-1 (]: SQL status: OK in 0.389 seconds
[0m16:23:49.651620 [debug] [Thread-1 (]: Sending event: {'category': 'dbt', 'action': 'run_model', 'label': 'a7f359ff-1708-4476-86d8-0714576b3d1d', 'context': [<snowplow_tracker.self_describing_json.SelfDescribingJson object at 0x000002D0A74BA990>]}
[0m16:23:49.652904 [info ] [Thread-1 (]: 1 of 1 OK created sql view model dev_orcid_role_identifier_staging.stg_ror__organisations  [[32mCREATE VIEW (0 processed)[0m in 2.14s]
[0m16:23:49.654564 [debug] [Thread-1 (]: Finished running node model.orcid_role_identifier.stg_ror__organisations
[0m16:23:49.660573 [debug] [MainThread]: Opening a new connection, currently in state closed
[0m16:23:49.662387 [debug] [MainThread]: Connection 'master' was properly closed.
[0m16:23:49.663011 [debug] [MainThread]: Connection 'list_dat-analytics-eng-ec869189' was properly closed.
[0m16:23:49.663462 [debug] [MainThread]: Connection 'list_dat-analytics-eng-ec869189_dev_orcid_role_identifier_presentation' was properly closed.
[0m16:23:49.663928 [debug] [MainThread]: Connection 'list_dat-analytics-eng-ec869189_dev_orcid_role_identifier_dictionary' was properly closed.
[0m16:23:49.664341 [debug] [MainThread]: Connection 'list_dat-analytics-eng-ec869189_dev_orcid_role_identifier_scoring' was properly closed.
[0m16:23:49.664731 [debug] [MainThread]: Connection 'list_dat-analytics-eng-ec869189_dev_orcid_role_identifier_raw' was properly closed.
[0m16:23:49.665114 [debug] [MainThread]: Connection 'list_dat-analytics-eng-ec869189_dev_orcid_role_identifier_seeds' was properly closed.
[0m16:23:49.665489 [debug] [MainThread]: Connection 'list_dat-analytics-eng-ec869189_dev_orcid_role_identifier_staging' was properly closed.
[0m16:23:49.665878 [debug] [MainThread]: Connection 'model.orcid_role_identifier.stg_ror__organisations' was properly closed.
[0m16:23:49.666327 [info ] [MainThread]: 
[0m16:23:49.667084 [info ] [MainThread]: Finished running 1 view model in 0 hours 0 minutes and 4.94 seconds (4.94s).
[0m16:23:49.670050 [debug] [MainThread]: Command end result
[0m16:23:49.770198 [debug] [MainThread]: Wrote artifact WritableManifest to C:\analytics_engineering_dbt\orcid_role_identifier\target\manifest.json
[0m16:23:49.775343 [debug] [MainThread]: Wrote artifact SemanticManifest to C:\analytics_engineering_dbt\orcid_role_identifier\target\semantic_manifest.json
[0m16:23:49.778213 [debug] [MainThread]: Wrote artifact OsiDocument to C:\analytics_engineering_dbt\orcid_role_identifier\target\osi_document.json
[0m16:23:49.786991 [debug] [MainThread]: Wrote artifact RunExecutionResult to C:\analytics_engineering_dbt\orcid_role_identifier\target\run_results.json
[0m16:23:49.787392 [info ] [MainThread]: 
[0m16:23:49.787841 [info ] [MainThread]: [32mCompleted successfully[0m
[0m16:23:49.788172 [info ] [MainThread]: 
[0m16:23:49.788512 [info ] [MainThread]: Done. PASS=1 WARN=0 ERROR=0 SKIP=0 NO-OP=0 REUSED=0 TOTAL=1
[0m16:23:49.789836 [debug] [MainThread]: Command `dbt run` succeeded at 16:23:49.789570 after 8.88 seconds
[0m16:23:49.790526 [debug] [MainThread]: Sending event: {'category': 'dbt', 'action': 'invocation', 'label': 'end', 'context': [<snowplow_tracker.self_describing_json.SelfDescribingJson object at 0x000002D0A72FDA70>, <snowplow_tracker.self_describing_json.SelfDescribingJson object at 0x000002D0A74ACF50>, <snowplow_tracker.self_describing_json.SelfDescribingJson object at 0x000002D0A74AC870>]}
[0m16:23:49.790913 [debug] [MainThread]: Flushing usage events
[0m16:23:50.287660 [debug] [MainThread]: An error was encountered while trying to flush usage events
[0m16:25:00.713653 [debug] [MainThread]: Sending event: {'category': 'dbt', 'action': 'invocation', 'label': 'start', 'context': [<snowplow_tracker.self_describing_json.SelfDescribingJson object at 0x0000029ED142E510>, <snowplow_tracker.self_describing_json.SelfDescribingJson object at 0x0000029ED3A5BED0>, <snowplow_tracker.self_describing_json.SelfDescribingJson object at 0x0000029ED3A5BB10>]}


============================== 16:25:00.726306 | 14e15125-af4f-46ff-aa4b-f0b8c61e9726 ==============================
[0m16:25:00.726306 [info ] [MainThread]: Running with dbt=1.12.0
[0m16:25:00.728589 [debug] [MainThread]: running dbt with arguments {'maximum_seed_size_mib': '1', 'no_print': 'None', 'static_parser': 'True', 'warn_error_options': 'WarnErrorOptionsV2(error=[], warn=[], silence=[])', 'version_check': 'True', 'target_path': 'None', 'printer_width': '80', 'write_json': 'True', 'introspect': 'True', 'log_cache_events': 'False', 'empty': 'False', 'cache_selected_only': 'False', 'log_format': 'default', 'debug': 'False', 'fail_fast': 'False', 'partial_parse': 'True', 'send_anonymous_usage_stats': 'True', 'quiet': 'False', 'warn_error': 'None', 'profiles_dir': 'C:\\analytics_engineering_dbt\\orcid_role_identifier', 'invocation_command': 'dbt run --select stg_ror__organisations int_anchor_embeddingsdbt run', 'hints_enabled': 'True', 'indirect_selection': 'eager', 'use_experimental_parser': 'False', 'use_colors': 'True', 'log_path': 'C:\\analytics_engineering_dbt\\orcid_role_identifier\\logs'}
[0m16:25:06.567891 [debug] [MainThread]: Sending event: {'category': 'dbt', 'action': 'project_id', 'label': '14e15125-af4f-46ff-aa4b-f0b8c61e9726', 'context': [<snowplow_tracker.self_describing_json.SelfDescribingJson object at 0x0000029ED1990C30>]}
[0m16:25:06.873615 [debug] [MainThread]: Sending event: {'category': 'dbt', 'action': 'adapter_info', 'label': '14e15125-af4f-46ff-aa4b-f0b8c61e9726', 'context': [<snowplow_tracker.self_describing_json.SelfDescribingJson object at 0x0000029EF21286B0>]}
[0m16:25:06.876450 [info ] [MainThread]: Registered adapter: bigquery=1.12.0
[0m16:25:07.846676 [debug] [MainThread]: checksum: 06d061997f46e5ca1259b0fae4fe9e9dedb1949b16edb4376a9dd3cef0739338, vars: {}, profile: orcid_role_identifier, target: dev, version: 1.12.0
[0m16:25:08.111140 [debug] [MainThread]: Partial parsing enabled: 0 files deleted, 0 files added, 0 files changed.
[0m16:25:08.111742 [debug] [MainThread]: Nothing changed, skipping partial parsing.
[0m16:25:08.112083 [debug] [MainThread]: Partial parsing enabled, no changes found, skipping parsing
[0m16:25:08.133785 [debug] [MainThread]: Sending event: {'category': 'dbt', 'action': 'load_project', 'label': '14e15125-af4f-46ff-aa4b-f0b8c61e9726', 'context': [<snowplow_tracker.self_describing_json.SelfDescribingJson object at 0x0000029EF27ABC50>]}
[0m16:25:08.473741 [debug] [MainThread]: Wrote artifact WritableManifest to C:\analytics_engineering_dbt\orcid_role_identifier\target\manifest.json
[0m16:25:08.479682 [debug] [MainThread]: Wrote artifact SemanticManifest to C:\analytics_engineering_dbt\orcid_role_identifier\target\semantic_manifest.json
[0m16:25:08.507212 [debug] [MainThread]: Wrote artifact OsiDocument to C:\analytics_engineering_dbt\orcid_role_identifier\target\osi_document.json
[0m16:25:08.530022 [debug] [MainThread]: Sending event: {'category': 'dbt', 'action': 'resource_counts', 'label': '14e15125-af4f-46ff-aa4b-f0b8c61e9726', 'context': [<snowplow_tracker.self_describing_json.SelfDescribingJson object at 0x0000029EF28DD8B0>]}
[0m16:25:08.530740 [info ] [MainThread]: Found 26 models, 15 analyses, 44 data tests, 6 seeds, 4 sources, 699 macros
[0m16:25:08.531418 [debug] [MainThread]: Sending event: {'category': 'dbt', 'action': 'runnable_timing', 'label': '14e15125-af4f-46ff-aa4b-f0b8c61e9726', 'context': [<snowplow_tracker.self_describing_json.SelfDescribingJson object at 0x0000029EF27C3D90>]}
[0m16:25:08.532711 [warn ] [MainThread]: [[33mWARNING[0m]: The selection criterion 'int_anchor_embeddingsdbt' does not match any enabled nodes
[0m16:25:08.535384 [warn ] [MainThread]: [[33mWARNING[0m]: The selection criterion 'run' does not match any enabled nodes
[0m16:25:08.541693 [info ] [MainThread]: 
[0m16:25:08.542655 [info ] [MainThread]: Concurrency: 8 threads (target='dev')
[0m16:25:08.543395 [info ] [MainThread]: 
[0m16:25:08.544213 [debug] [MainThread]: Acquiring new bigquery connection 'master'
[0m16:25:08.546112 [debug] [ThreadPool]: Acquiring new bigquery connection 'list_dat-analytics-eng-ec869189'
[0m16:25:08.546497 [debug] [ThreadPool]: Opening a new connection, currently in state init
[0m16:25:11.985067 [debug] [ThreadPool]: Acquiring new bigquery connection 'list_dat-analytics-eng-ec869189_dev_orcid_role_identifier_presentation'
[0m16:25:11.987104 [debug] [ThreadPool]: Opening a new connection, currently in state init
[0m16:25:11.989209 [debug] [ThreadPool]: Acquiring new bigquery connection 'list_dat-analytics-eng-ec869189_dev_orcid_role_identifier_scoring'
[0m16:25:11.990396 [debug] [ThreadPool]: Opening a new connection, currently in state init
[0m16:25:11.994704 [debug] [ThreadPool]: Acquiring new bigquery connection 'list_dat-analytics-eng-ec869189_dev_orcid_role_identifier_raw'
[0m16:25:11.996411 [debug] [ThreadPool]: Opening a new connection, currently in state init
[0m16:25:11.997845 [debug] [ThreadPool]: Acquiring new bigquery connection 'list_dat-analytics-eng-ec869189_dev_orcid_role_identifier_seeds'
[0m16:25:12.003889 [debug] [ThreadPool]: Acquiring new bigquery connection 'list_dat-analytics-eng-ec869189_dev_orcid_role_identifier_dictionary'
[0m16:25:12.005542 [debug] [ThreadPool]: Opening a new connection, currently in state init
[0m16:25:12.008261 [debug] [ThreadPool]: Opening a new connection, currently in state init
[0m16:25:12.011138 [debug] [ThreadPool]: Acquiring new bigquery connection 'list_dat-analytics-eng-ec869189_dev_orcid_role_identifier_staging'
[0m16:25:12.021802 [debug] [ThreadPool]: Opening a new connection, currently in state init
[0m16:25:13.240066 [debug] [MainThread]: Sending event: {'category': 'dbt', 'action': 'runnable_timing', 'label': '14e15125-af4f-46ff-aa4b-f0b8c61e9726', 'context': [<snowplow_tracker.self_describing_json.SelfDescribingJson object at 0x0000029EF2B49160>]}
[0m16:25:13.242132 [debug] [MainThread]: Opening a new connection, currently in state init
[0m16:25:13.257074 [debug] [Thread-1 (]: Began running node model.orcid_role_identifier.stg_ror__organisations
[0m16:25:13.258340 [info ] [Thread-1 (]: 1 of 1 START sql view model dev_orcid_role_identifier_staging.stg_ror__organisations  [RUN]
[0m16:25:13.259870 [debug] [Thread-1 (]: Acquiring new bigquery connection 'model.orcid_role_identifier.stg_ror__organisations'
[0m16:25:13.260777 [debug] [Thread-1 (]: Began compiling node model.orcid_role_identifier.stg_ror__organisations
[0m16:25:13.289287 [debug] [Thread-1 (]: Writing injected SQL for node "model.orcid_role_identifier.stg_ror__organisations"
[0m16:25:13.292334 [debug] [Thread-1 (]: Began executing node model.orcid_role_identifier.stg_ror__organisations
[0m16:25:13.356193 [debug] [Thread-1 (]: Writing runtime sql for node "model.orcid_role_identifier.stg_ror__organisations"
[0m16:25:13.358917 [debug] [Thread-1 (]: On model.orcid_role_identifier.stg_ror__organisations: /* {"app": "dbt", "dbt_version": "1.12.0", "profile_name": "orcid_role_identifier", "target_name": "dev", "node_id": "model.orcid_role_identifier.stg_ror__organisations"} */


  create or replace view `dat-analytics-eng-ec869189`.`dev_orcid_role_identifier_staging`.`stg_ror__organisations`
  OPTIONS(
      description="""ROR organisation registry. The organisation TYPE (Education / Healthcare / Company ...) comes from here and drives org scoring.\n"""
    )
  as 

/*
    ROR ORGANISATION REGISTRY

    WHAT IT IS FOR:
    Scoring needs the organisation TYPE. "Does this person work in a
    hospital, a university, or a bank?" The same title means different
    things in different settings:

        "Director" + hospital   -> healthcare administrator
        "Director" + bank       -> irrelevant

    Deriving the type from the NAME is unreliable ("St. Mary's Hosp." -
    a hospital?). A regex would miss hundreds of variants; this was a
    known weakness in Phase-1.

    ROR gives it to us directly: every organisation has an id and a TYPE.

        ror_id: 013czdx64
        name:   Heidelberg University Hospital
        types:  [Education, Healthcare]       <-- what we need

    These types are scored via seeds/org_type_scores.csv.

    ror_data_refresh is ROR's OWN registry dump (confirmed), not a
    previously produced matching output.

    !! VERIFY COLUMN NAMES:
       bq show --schema ri-data-engineering-dd4c0eca:ror.ror_data_refresh
*/

with base as (
    select
        id,
        coalesce(
            (
                select n.value
                from unnest(names) n
                where 'ror_display' in unnest(coalesce(n.types, []))
                limit 1
            ),
            (
                select n.value
                from unnest(names) n
                limit 1
            )
        )                                        as canonical_name,
        types,
        cast(null as string)                     as ror_country_code,
        external_ids
    from `dat-analytics-eng-ec869189`.`dev_orcid_role_identifier_raw`.`raw_ror_data_refresh`
)

select
    id                                          as ror_id,
    canonical_name,
    
    NULLIF(TRIM(REGEXP_REPLACE(
        
    NULLIF(
        TRIM(
            REGEXP_REPLACE(
                REGEXP_REPLACE(
                    LOWER(NORMALIZE_AND_CASEFOLD(COALESCE(canonical_name, ''), NFKC)),
                    r'[^\p{L}\p{N}\s&/+-]', ' '
                ),
                r'\s+', ' '
            )
        ),
        ''
    )

,
        r'\s+', ' '
    )), '')
     as organisation,     -- name-match key

    -- types is an ARRAY: a university hospital is both Education and Healthcare
    types                                       as ror_types,

    ror_country_code,

    -- non-ROR identifiers: RINGGOLD / GRID / FUNDREF / ISNI ...
    -- flattened by stg_ror__external_ids
    external_ids

from base;


[0m16:25:13.360248 [debug] [Thread-1 (]: Opening a new connection, currently in state init
[0m16:25:14.909205 [debug] [Thread-1 (]: BigQuery adapter: https://console.cloud.google.com/bigquery?project=dat-analytics-eng-ec869189&j=bq:EU:1693aa48-ff70-4ac7-8655-d0813e9ab806&page=queryresults
[0m16:25:15.420687 [debug] [Thread-1 (]: SQL status: OK in 0.510 seconds
[0m16:25:16.173929 [debug] [Thread-1 (]: Sending event: {'category': 'dbt', 'action': 'run_model', 'label': '14e15125-af4f-46ff-aa4b-f0b8c61e9726', 'context': [<snowplow_tracker.self_describing_json.SelfDescribingJson object at 0x0000029EF2BBBB90>]}
[0m16:25:16.175176 [info ] [Thread-1 (]: 1 of 1 OK created sql view model dev_orcid_role_identifier_staging.stg_ror__organisations  [[32mCREATE VIEW (0 processed)[0m in 2.91s]
[0m16:25:16.177181 [debug] [Thread-1 (]: Finished running node model.orcid_role_identifier.stg_ror__organisations
[0m16:25:16.181488 [debug] [MainThread]: Opening a new connection, currently in state closed
[0m16:25:16.182870 [debug] [MainThread]: Connection 'master' was properly closed.
[0m16:25:16.183440 [debug] [MainThread]: Connection 'list_dat-analytics-eng-ec869189' was properly closed.
[0m16:25:16.183895 [debug] [MainThread]: Connection 'list_dat-analytics-eng-ec869189_dev_orcid_role_identifier_presentation' was properly closed.
[0m16:25:16.184350 [debug] [MainThread]: Connection 'list_dat-analytics-eng-ec869189_dev_orcid_role_identifier_scoring' was properly closed.
[0m16:25:16.184767 [debug] [MainThread]: Connection 'list_dat-analytics-eng-ec869189_dev_orcid_role_identifier_raw' was properly closed.
[0m16:25:16.185328 [debug] [MainThread]: Connection 'list_dat-analytics-eng-ec869189_dev_orcid_role_identifier_seeds' was properly closed.
[0m16:25:16.185711 [debug] [MainThread]: Connection 'list_dat-analytics-eng-ec869189_dev_orcid_role_identifier_dictionary' was properly closed.
[0m16:25:16.186261 [debug] [MainThread]: Connection 'list_dat-analytics-eng-ec869189_dev_orcid_role_identifier_staging' was properly closed.
[0m16:25:16.186650 [debug] [MainThread]: Connection 'model.orcid_role_identifier.stg_ror__organisations' was properly closed.
[0m16:25:16.187104 [info ] [MainThread]: 
[0m16:25:16.188110 [info ] [MainThread]: Finished running 1 view model in 0 hours 0 minutes and 7.64 seconds (7.64s).
[0m16:25:16.190485 [debug] [MainThread]: Command end result
[0m16:25:16.280450 [debug] [MainThread]: Wrote artifact WritableManifest to C:\analytics_engineering_dbt\orcid_role_identifier\target\manifest.json
[0m16:25:16.284834 [debug] [MainThread]: Wrote artifact SemanticManifest to C:\analytics_engineering_dbt\orcid_role_identifier\target\semantic_manifest.json
[0m16:25:16.289968 [debug] [MainThread]: Wrote artifact OsiDocument to C:\analytics_engineering_dbt\orcid_role_identifier\target\osi_document.json
[0m16:25:16.298182 [debug] [MainThread]: Wrote artifact RunExecutionResult to C:\analytics_engineering_dbt\orcid_role_identifier\target\run_results.json
[0m16:25:16.298605 [info ] [MainThread]: 
[0m16:25:16.299456 [info ] [MainThread]: [32mCompleted successfully[0m
[0m16:25:16.300520 [info ] [MainThread]: 
[0m16:25:16.301467 [info ] [MainThread]: Done. PASS=1 WARN=0 ERROR=0 SKIP=0 NO-OP=0 REUSED=0 TOTAL=1
[0m16:25:16.303809 [debug] [MainThread]: Command `dbt run` succeeded at 16:25:16.303550 after 16.19 seconds
[0m16:25:16.304546 [debug] [MainThread]: Sending event: {'category': 'dbt', 'action': 'invocation', 'label': 'end', 'context': [<snowplow_tracker.self_describing_json.SelfDescribingJson object at 0x0000029EF27CE410>, <snowplow_tracker.self_describing_json.SelfDescribingJson object at 0x0000029EF27E62B0>, <snowplow_tracker.self_describing_json.SelfDescribingJson object at 0x0000029EF2DF6FD0>]}
[0m16:25:16.305241 [debug] [MainThread]: Flushing usage events
[0m16:25:16.984168 [debug] [MainThread]: An error was encountered while trying to flush usage events
